Surname,Approximate,%,Rank,,,,Name,%,Approximate,Rank,,Name,%,Approximate,Rank,,,,,,
,Number,Frequency,,,,,,Frequency,Number,,,,Frequency,Number,,,Names,,"First list is 1000 most common last name.
Second list is 500 most common male first names.
Third list is 500 most common female first names.
Source below",,
SMITH,"2,501,922",1.006,1,,,,JAMES,3.318,"4,840,833",1,,MARY,2.629,"3,991,060",1,,JAMES,,,,
JOHNSON,"2,014,470",0.81,2,,,,JOHN,3.271,"4,772,262",2,,PATRICIA,1.073,"1,628,911",2,,JOHN,,,,
WILLIAMS,"1,738,413",0.699,3,,,,ROBERT,3.143,"4,585,515",3,,LINDA,1.035,"1,571,224",3,,ROBERT,,,,
JONES,"1,544,427",0.621,4,,,,MICHAEL,2.629,"3,835,609",4,,BARBARA,0.98,"1,487,729",4,,MICHAEL,,,,
BROWN,"1,544,427",0.621,5,,,,WILLIAM,2.451,"3,575,914",5,,ELIZABETH,0.937,"1,422,451",5,,WILLIAM,,,,
DAVIS,"1,193,760",0.48,6,,,,DAVID,2.363,"3,447,525",6,,JENNIFER,0.932,"1,414,861",6,,DAVID,,,,
MILLER,"1,054,488",0.424,7,,,,RICHARD,1.703,"2,484,611",7,,MARIA,0.828,"1,256,979",7,,RICHARD,,,,
WILSON,"843,093",0.339,8,,,,CHARLES,1.523,"2,221,998",8,,SUSAN,0.794,"1,205,364",8,,CHARLES,,source,,
MOORE,"775,944",0.312,9,,,,JOSEPH,1.404,"2,048,382",9,,MARGARET,0.768,"1,165,894",9,,JOSEPH,,,,
TAYLOR,"773,457",0.311,10,,,,THOMAS,1.38,"2,013,366",10,,DOROTHY,0.727,"1,103,652",10,,THOMAS,,,,
ANDERSON,"773,457",0.311,11,,,,CHRISTOPHER,1.035,"1,510,025",11,,LISA,0.704,"1,068,736",11,,CHRISTOPHER,,,,
THOMAS,"773,457",0.311,12,,,,DANIEL,0.974,"1,421,028",12,,NANCY,0.669,"1,015,603",12,,DANIEL,,,,
JACKSON,"770,970",0.31,13,,,,PAUL,0.948,"1,383,095",13,,KAREN,0.667,"1,012,567",13,,PAUL,,,,
WHITE,"693,873",0.279,14,,,,MARK,0.938,"1,368,506",14,,BETTY,0.666,"1,011,048",14,,MARK,,,,
HARRIS,"683,925",0.275,15,,,,DONALD,0.931,"1,358,293",15,,HELEN,0.663,"1,006,494",15,,DONALD,,,,
MARTIN,"678,951",0.273,16,,,,GEORGE,0.927,"1,352,457",16,,SANDRA,0.629,"954,879",16,,GEORGE,,,,
THOMPSON,"669,003",0.269,17,,,,KENNETH,0.826,"1,205,102",17,,DONNA,0.583,"885,047",17,,KENNETH,,,,
GARCIA,"631,698",0.254,18,,,,STEVEN,0.78,"1,137,990",18,,CAROL,0.565,"857,721",18,,STEVEN,,,,
MARTINEZ,"581,958",0.234,19,,,,EDWARD,0.779,"1,136,531",19,,RUTH,0.562,"853,167",19,,EDWARD,,,,
ROBINSON,"579,471",0.233,20,,,,BRIAN,0.736,"1,073,795",20,,SHARON,0.522,"792,443",20,,BRIAN,,,,
CLARK,"574,497",0.231,21,,,,RONALD,0.725,"1,057,747",21,,MICHELLE,0.519,"787,889",21,,RONALD,,,,
RODRIGUEZ,"569,523",0.229,22,,,,ANTHONY,0.721,"1,051,911",22,,LAURA,0.51,"774,226",22,,ANTHONY,,,,
LEWIS,"562,062",0.226,23,,,,KEVIN,0.671,"978,963",23,,SARAH,0.508,"771,190",23,,KEVIN,,,,
LEE,"547,140",0.22,24,,,,JASON,0.66,"962,914",24,,KIMBERLY,0.504,"765,118",24,,JASON,,,,
WALKER,"544,653",0.219,25,,,,MATTHEW,0.657,"958,538",25,,DEBORAH,0.494,"749,937",25,,MATTHEW,,,,
HALL,"497,400",0.2,26,,,,GARY,0.65,"948,325",26,,JESSICA,0.49,"743,864",26,,GARY,,,,
ALLEN,"494,913",0.199,27,,,,TIMOTHY,0.64,"933,735",27,,SHIRLEY,0.482,"731,720",27,,TIMOTHY,,,,
YOUNG,"479,991",0.193,28,,,,JOSE,0.613,"894,343",28,,CYNTHIA,0.469,"711,985",28,,JOSE,,,,
HERNANDEZ,"477,504",0.192,29,,,,LARRY,0.598,"872,459",29,,ANGELA,0.468,"710,466",29,,LARRY,,,,
KING,"472,530",0.19,30,,,,JEFFREY,0.591,"862,246",30,,MELISSA,0.462,"701,358",30,,JEFFREY,,,,
WRIGHT,"470,043",0.189,31,,,,FRANK,0.581,"847,656",31,,BRENDA,0.455,"690,731",31,,FRANK,,,,
LOPEZ,"465,069",0.187,32,,,,SCOTT,0.546,"796,593",32,,AMY,0.451,"684,659",32,,SCOTT,,,,
HILL,"465,069",0.187,33,,,,ERIC,0.544,"793,675",33,,ANNA,0.44,"667,960",33,,ERIC,,,,
SCOTT,"460,095",0.185,34,,,,STEPHEN,0.54,"787,839",34,,REBECCA,0.43,"652,779",34,,STEPHEN,,,,
GREEN,"455,121",0.183,35,,,,ANDREW,0.537,"783,462",35,,VIRGINIA,0.43,"652,779",35,,ANDREW,,,,
ADAMS,"432,738",0.174,36,,,,RAYMOND,0.488,"711,973",36,,KATHLEEN,0.424,"643,670",36,,RAYMOND,,,,
BAKER,"425,277",0.171,37,,,,GREGORY,0.441,"643,402",37,,PAMELA,0.416,"631,526",37,,GREGORY,,,,
GONZALEZ,"412,842",0.166,38,,,,JOSHUA,0.435,"634,648",38,,MARTHA,0.412,"625,453",38,,JOSHUA,,,,
NELSON,"402,894",0.162,39,,,,JERRY,0.432,"630,271",39,,DEBRA,0.408,"619,381",39,,JERRY,,,,
CARTER,"402,894",0.162,40,,,,DENNIS,0.415,"605,469",40,,AMANDA,0.404,"613,309",40,,DENNIS,,,,
MITCHELL,"397,920",0.16,41,,,,WALTER,0.399,"582,126",41,,STEPHANIE,0.4,"607,236",41,,WALTER,,,,
PEREZ,"385,485",0.155,42,,,,PATRICK,0.389,"567,536",42,,CAROLYN,0.385,"584,465",42,,PATRICK,,,,
ROBERTS,"380,511",0.153,43,,,,PETER,0.381,"555,864",43,,CHRISTINE,0.382,"579,911",43,,PETER,,,,
TURNER,"378,024",0.152,44,,,,HAROLD,0.371,"541,275",44,,MARIE,0.379,"575,356",44,,HAROLD,,,,
PHILLIPS,"370,563",0.149,45,,,,DOUGLAS,0.367,"535,439",45,,JANET,0.379,"575,356",45,,DOUGLAS,,,,
CAMPBELL,"370,563",0.149,46,,,,HENRY,0.365,"532,521",46,,CATHERINE,0.373,"566,248",46,,HENRY,,,,
PARKER,"363,102",0.146,47,,,,CARL,0.346,"504,801",47,,FRANCES,0.37,"561,694",47,,CARL,,,,
EVANS,"350,667",0.141,48,,,,ARTHUR,0.335,"488,752",48,,ANN,0.364,"552,585",48,,ARTHUR,,,,
EDWARDS,"340,719",0.137,49,,,,RYAN,0.328,"478,539",49,,JOYCE,0.364,"552,585",49,,RYAN,,,,
COLLINS,"333,258",0.134,50,,,,ROGER,0.322,"469,786",50,,DIANE,0.359,"544,995",50,,ROGER,,,,
STEWART,"330,771",0.133,51,,,,JOE,0.321,"468,327",51,,ALICE,0.357,"541,958",51,,JOE,,,,
SANCHEZ,"323,310",0.13,52,,,,JUAN,0.316,"461,032",52,,JULIE,0.348,"528,296",52,,JUAN,,,,
MORRIS,"310,875",0.125,53,,,,JACK,0.315,"459,573",53,,HEATHER,0.337,"511,597",53,,JACK,,,,
ROGERS,"305,901",0.123,54,,,,ALBERT,0.314,"458,114",54,,TERESA,0.336,"510,078",54,,ALBERT,,,,
REED,"303,414",0.122,55,,,,JONATHAN,0.313,"456,655",55,,DORIS,0.335,"508,560",55,,JONATHAN,,,,
COOK,"298,440",0.12,56,,,,JUSTIN,0.311,"453,737",56,,GLORIA,0.335,"508,560",56,,JUSTIN,,,,
MORGAN,"293,466",0.118,57,,,,TERRY,0.311,"453,737",57,,EVELYN,0.322,"488,825",57,,TERRY,,,,
BELL,"290,979",0.117,58,,,,GERALD,0.309,"450,819",58,,JEAN,0.315,"478,199",58,,GERALD,,,,
MURPHY,"290,979",0.117,59,,,,KEITH,0.308,"449,360",59,,CHERYL,0.315,"478,199",59,,KEITH,,,,
BAILEY,"286,005",0.115,60,,,,SAMUEL,0.306,"446,442",60,,MILDRED,0.313,"475,162",60,,SAMUEL,,,,
RIVERA,"281,031",0.113,61,,,,WILLIE,0.302,"440,606",61,,KATHERINE,0.313,"475,162",61,,WILLIE,,,,
COOPER,"281,031",0.113,62,,,,RALPH,0.282,"411,427",62,,JOAN,0.306,"464,536",62,,RALPH,,,,
RICHARDSON,"278,544",0.112,63,,,,LAWRENCE,0.282,"411,427",63,,ASHLEY,0.303,"459,981",63,,LAWRENCE,,,,
COX,"273,570",0.11,64,,,,NICHOLAS,0.275,"401,214",64,,JUDITH,0.297,"450,873",64,,NICHOLAS,,,,
HOWARD,"273,570",0.11,65,,,,ROY,0.273,"398,296",65,,ROSE,0.296,"449,355",65,,ROY,,,,
WARD,"268,596",0.108,66,,,,BENJAMIN,0.27,"393,920",66,,JANICE,0.285,"432,656",66,,BENJAMIN,,,,
TORRES,"268,596",0.108,67,,,,BRUCE,0.263,"383,707",67,,KELLY,0.283,"429,620",67,,BRUCE,,,,
PETERSON,"266,109",0.107,68,,,,BRANDON,0.26,"379,330",68,,NICOLE,0.281,"426,583",68,,BRANDON,,,,
GRAY,"263,622",0.106,69,,,,ADAM,0.259,"377,871",69,,JUDY,0.276,"418,993",69,,ADAM,,,,
RAMIREZ,"261,135",0.105,70,,,,HARRY,0.251,"366,199",70,,CHRISTINA,0.275,"417,475",70,,HARRY,,,,
JAMES,"261,135",0.105,71,,,,FRED,0.251,"366,199",71,,KATHY,0.272,"412,921",71,,FRED,,,,
WATSON,"256,161",0.103,72,,,,WAYNE,0.249,"363,281",72,,THERESA,0.271,"411,403",72,,WAYNE,,,,
BROOKS,"256,161",0.103,73,,,,BILLY,0.248,"361,822",73,,BEVERLY,0.267,"405,330",73,,BILLY,,,,
KELLY,"253,674",0.102,74,,,,STEVE,0.246,"358,904",74,,DENISE,0.264,"400,776",74,,STEVE,,,,
SANDERS,"248,700",0.1,75,,,,LOUIS,0.243,"354,528",75,,TAMMY,0.259,"393,185",75,,LOUIS,,,,
PRICE,"246,213",0.099,76,,,,JEREMY,0.242,"353,069",76,,IRENE,0.252,"382,559",76,,JEREMY,,,,
BENNETT,"246,213",0.099,77,,,,AARON,0.24,"350,151",77,,JANE,0.25,"379,523",77,,AARON,,,,
WOOD,"243,726",0.098,78,,,,RANDY,0.232,"338,479",78,,LORI,0.248,"376,486",78,,RANDY,,,,
BARNES,"241,239",0.097,79,,,,HOWARD,0.23,"335,561",79,,RACHEL,0.242,"367,378",79,,HOWARD,,,,
ROSS,"238,752",0.096,80,,,,EUGENE,0.23,"335,561",80,,MARILYN,0.241,"365,860",80,,EUGENE,,,,
HENDERSON,"236,265",0.095,81,,,,CARLOS,0.229,"334,102",81,,ANDREA,0.236,"358,269",81,,CARLOS,,,,
COLEMAN,"236,265",0.095,82,,,,RUSSELL,0.224,"326,807",82,,KATHRYN,0.234,"355,233",82,,RUSSELL,,,,
JENKINS,"236,265",0.095,83,,,,BOBBY,0.223,"325,348",83,,LOUISE,0.229,"347,643",83,,BOBBY,,,,
PERRY,"233,778",0.094,84,,,,VICTOR,0.222,"323,889",84,,SARA,0.229,"347,643",84,,VICTOR,,,,
POWELL,"231,291",0.093,85,,,,MARTIN,0.216,"315,136",85,,ANNE,0.228,"346,125",85,,MARTIN,,,,
LONG,"228,804",0.092,86,,,,ERNEST,0.215,"313,677",86,,JACQUELINE,0.228,"346,125",86,,ERNEST,,,,
PATTERSON,"228,804",0.092,87,,,,PHILLIP,0.213,"310,759",87,,WANDA,0.226,"343,089",87,,PHILLIP,,,,
HUGHES,"228,804",0.092,88,,,,TODD,0.213,"310,759",88,,BONNIE,0.223,"338,534",88,,TODD,,,,
FLORES,"228,804",0.092,89,,,,JESSE,0.209,"304,923",89,,JULIA,0.223,"338,534",89,,JESSE,,,,
WASHINGTON,"228,804",0.092,90,,,,CRAIG,0.206,"300,546",90,,RUBY,0.221,"335,498",90,,CRAIG,,,,
BUTLER,"226,317",0.091,91,,,,ALAN,0.204,"297,628",91,,LOIS,0.22,"333,980",91,,ALAN,,,,
SIMMONS,"226,317",0.091,92,,,,SHAWN,0.2,"291,792",92,,TINA,0.22,"333,980",92,,SHAWN,,,,
FOSTER,"226,317",0.091,93,,,,CLARENCE,0.197,"287,415",93,,PHYLLIS,0.219,"332,462",93,,CLARENCE,,,,
GONZALES,"216,369",0.087,94,,,,SEAN,0.197,"287,415",94,,NORMA,0.218,"330,944",94,,SEAN,,,,
BRYANT,"216,369",0.087,95,,,,PHILIP,0.197,"287,415",95,,PAULA,0.217,"329,426",95,,PHILIP,,,,
ALEXANDER,"211,395",0.085,96,,,,CHRIS,0.197,"287,415",96,,DIANA,0.216,"327,908",96,,CHRIS,,,,
RUSSELL,"211,395",0.085,97,,,,JOHNNY,0.195,"284,497",97,,ANNIE,0.216,"327,908",97,,JOHNNY,,,,
GRIFFIN,"208,908",0.084,98,,,,EARL,0.193,"281,580",98,,LILLIAN,0.211,"320,317",98,,EARL,,,,
DIAZ,"208,908",0.084,99,,,,JIMMY,0.191,"278,662",99,,EMILY,0.208,"315,763",99,,JIMMY,,,,
HAYES,"206,421",0.083,100,,,,ANTONIO,0.19,"277,203",100,,ROBIN,0.208,"315,763",100,,ANTONIO,,,,
MYERS,"206,421",0.083,101,,,,DANNY,0.19,"277,203",101,,PEGGY,0.208,"315,763",101,,DANNY,,,,
FORD,"203,934",0.082,102,,,,BRYAN,0.19,"277,203",102,,CRYSTAL,0.207,"314,245",102,,BRYAN,,,,
HAMILTON,"203,934",0.082,103,,,,TONY,0.19,"277,203",103,,GLADYS,0.205,"311,209",103,,TONY,,,,
GRAHAM,"203,934",0.082,104,,,,LUIS,0.189,"275,744",104,,RITA,0.204,"309,691",104,,LUIS,,,,
SULLIVAN,"201,447",0.081,105,,,,MIKE,0.189,"275,744",105,,DAWN,0.202,"306,654",105,,MIKE,,,,
WALLACE,"201,447",0.081,106,,,,STANLEY,0.186,"271,367",106,,CONNIE,0.2,"303,618",106,,STANLEY,,,,
WOODS,"198,960",0.08,107,,,,LEONARD,0.186,"271,367",107,,FLORENCE,0.2,"303,618",107,,LEONARD,,,,
COLE,"198,960",0.08,108,,,,NATHAN,0.185,"269,908",108,,TRACY,0.197,"299,064",108,,NATHAN,,,,
WEST,"198,960",0.08,109,,,,DALE,0.184,"268,449",109,,EDNA,0.197,"299,064",109,,DALE,,,,
JORDAN,"193,986",0.078,110,,,,MANUEL,0.181,"264,072",110,,TIFFANY,0.195,"296,028",110,,MANUEL,,,,
OWENS,"193,986",0.078,111,,,,RODNEY,0.18,"262,613",111,,CARMEN,0.195,"296,028",111,,RODNEY,,,,
REYNOLDS,"193,986",0.078,112,,,,CURTIS,0.18,"262,613",112,,ROSA,0.194,"294,510",112,,CURTIS,,,,
FISHER,"191,499",0.077,113,,,,NORMAN,0.177,"258,236",113,,CINDY,0.192,"291,473",113,,NORMAN,,,,
ELLIS,"191,499",0.077,114,,,,ALLEN,0.174,"253,859",114,,GRACE,0.189,"286,919",114,,ALLEN,,,,
HARRISON,"189,012",0.076,115,,,,MARVIN,0.171,"249,482",115,,WENDY,0.185,"280,847",115,,MARVIN,,,,
GIBSON,"186,525",0.075,116,,,,VINCENT,0.168,"245,105",116,,VICTORIA,0.18,"273,256",116,,VINCENT,,,,
MCDONALD,"186,525",0.075,117,,,,GLENN,0.167,"243,647",117,,EDITH,0.179,"271,738",117,,GLENN,,,,
CRUZ,"186,525",0.075,118,,,,JEFFERY,0.166,"242,188",118,,KIM,0.178,"270,220",118,,JEFFERY,,,,
MARSHALL,"186,525",0.075,119,,,,TRAVIS,0.166,"242,188",119,,SHERRY,0.178,"270,220",119,,TRAVIS,,,,
ORTIZ,"186,525",0.075,120,,,,JEFF,0.166,"242,188",120,,SYLVIA,0.177,"268,702",120,,JEFF,,,,
GOMEZ,"186,525",0.075,121,,,,CHAD,0.165,"240,729",121,,JOSEPHINE,0.177,"268,702",121,,CHAD,,,,
MURRAY,"184,038",0.074,122,,,,JACOB,0.165,"240,729",122,,THELMA,0.175,"265,666",122,,JACOB,,,,
FREEMAN,"184,038",0.074,123,,,,LEE,0.162,"236,352",123,,SHANNON,0.175,"265,666",123,,LEE,,,,
WELLS,"181,551",0.073,124,,,,MELVIN,0.162,"236,352",124,,SHEILA,0.175,"265,666",124,,MELVIN,,,,
WEBB,"179,064",0.072,125,,,,ALFRED,0.162,"236,352",125,,ETHEL,0.174,"264,148",125,,ALFRED,,,,
SIMPSON,"174,090",0.07,126,,,,KYLE,0.16,"233,434",126,,ELLEN,0.173,"262,630",126,,KYLE,,,,
STEVENS,"174,090",0.07,127,,,,FRANCIS,0.16,"233,434",127,,ELAINE,0.173,"262,630",127,,FRANCIS,,,,
TUCKER,"174,090",0.07,128,,,,BRADLEY,0.159,"231,975",128,,MARJORIE,0.173,"262,630",128,,BRADLEY,,,,
PORTER,"171,603",0.069,129,,,,JESUS,0.155,"226,139",129,,CARRIE,0.171,"259,594",129,,JESUS,,,,
HUNTER,"171,603",0.069,130,,,,HERBERT,0.155,"226,139",130,,CHARLOTTE,0.169,"256,557",130,,HERBERT,,,,
HICKS,"171,603",0.069,131,,,,FREDERICK,0.154,"224,680",131,,MONICA,0.166,"252,003",131,,FREDERICK,,,,
CRAWFORD,"169,116",0.068,132,,,,RAY,0.153,"223,221",132,,ESTHER,0.166,"252,003",132,,RAY,,,,
HENRY,"169,116",0.068,133,,,,JOEL,0.152,"221,762",133,,PAULINE,0.165,"250,485",133,,JOEL,,,,
BOYD,"169,116",0.068,134,,,,EDWIN,0.148,"215,926",134,,EMMA,0.165,"250,485",134,,EDWIN,,,,
MASON,"169,116",0.068,135,,,,DON,0.145,"211,549",135,,JUANITA,0.164,"248,967",135,,DON,,,,
MORALES,"166,629",0.067,136,,,,EDDIE,0.144,"210,090",136,,ANITA,0.162,"245,931",136,,EDDIE,,,,
KENNEDY,"166,629",0.067,137,,,,RICKY,0.141,"205,714",137,,RHONDA,0.162,"245,931",137,,RICKY,,,,
WARREN,"166,629",0.067,138,,,,TROY,0.138,"201,337",138,,HAZEL,0.161,"244,413",138,,TROY,,,,
DIXON,"164,142",0.066,139,,,,RANDALL,0.138,"201,337",139,,AMBER,0.16,"242,895",139,,RANDALL,,,,
RAMOS,"164,142",0.066,140,,,,BARRY,0.134,"195,501",140,,EVA,0.159,"241,376",140,,BARRY,,,,
REYES,"164,142",0.066,141,,,,ALEXANDER,0.132,"192,583",141,,DEBBIE,0.157,"238,340",141,,ALEXANDER,,,,
BURNS,"161,655",0.065,142,,,,BERNARD,0.127,"185,288",142,,APRIL,0.154,"233,786",142,,BERNARD,,,,
GORDON,"161,655",0.065,143,,,,MARIO,0.125,"182,370",143,,LESLIE,0.154,"233,786",143,,MARIO,,,,
SHAW,"161,655",0.065,144,,,,LEROY,0.125,"182,370",144,,CLARA,0.153,"232,268",144,,LEROY,,,,
HOLMES,"161,655",0.065,145,,,,FRANCISCO,0.124,"180,911",145,,LUCILLE,0.153,"232,268",145,,FRANCISCO,,,,
RICE,"159,168",0.064,146,,,,MARCUS,0.124,"180,911",146,,JAMIE,0.153,"232,268",146,,MARCUS,,,,
ROBERTSON,"159,168",0.064,147,,,,MICHEAL,0.123,"179,452",147,,JOANNE,0.15,"227,714",147,,MICHEAL,,,,
HUNT,"156,681",0.063,148,,,,THEODORE,0.123,"179,452",148,,ELEANOR,0.15,"227,714",148,,THEODORE,,,,
BLACK,"156,681",0.063,149,,,,CLIFFORD,0.123,"179,452",149,,VALERIE,0.149,"226,196",149,,CLIFFORD,,,,
DANIELS,"154,194",0.062,150,,,,MIGUEL,0.122,"177,993",150,,DANIELLE,0.149,"226,196",150,,MIGUEL,,,,
PALMER,"154,194",0.062,151,,,,OSCAR,0.122,"177,993",151,,MEGAN,0.147,"223,159",151,,OSCAR,,,,
MILLS,"151,707",0.061,152,,,,JAY,0.118,"172,157",152,,ALICIA,0.146,"221,641",152,,JAY,,,,
NICHOLS,"149,220",0.06,153,,,,JIM,0.118,"172,157",153,,SUZANNE,0.145,"220,123",153,,JIM,,,,
GRANT,"149,220",0.06,154,,,,TOM,0.117,"170,698",154,,MICHELE,0.145,"220,123",154,,TOM,,,,
KNIGHT,"149,220",0.06,155,,,,CALVIN,0.115,"167,781",155,,GAIL,0.145,"220,123",155,,CALVIN,,,,
FERGUSON,"146,733",0.059,156,,,,ALEX,0.115,"167,781",156,,BERTHA,0.143,"217,087",156,,ALEX,,,,
ROSE,"146,733",0.059,157,,,,JON,0.115,"167,781",157,,DARLENE,0.142,"215,569",157,,JON,,,,
STONE,"146,733",0.059,158,,,,RONNIE,0.113,"164,863",158,,VERONICA,0.142,"215,569",158,,RONNIE,,,,
HAWKINS,"146,733",0.059,159,,,,BILL,0.112,"163,404",159,,JILL,0.142,"215,569",159,,BILL,,,,
DUNN,"144,246",0.058,160,,,,LLOYD,0.112,"163,404",160,,ERIN,0.141,"214,051",160,,LLOYD,,,,
PERKINS,"144,246",0.058,161,,,,TOMMY,0.112,"163,404",161,,GERALDINE,0.141,"214,051",161,,TOMMY,,,,
HUDSON,"144,246",0.058,162,,,,LEON,0.112,"163,404",162,,LAUREN,0.137,"207,978",162,,LEON,,,,
SPENCER,"141,759",0.057,163,,,,DEREK,0.112,"163,404",163,,CATHY,0.137,"207,978",163,,DEREK,,,,
GARDNER,"141,759",0.057,164,,,,WARREN,0.11,"160,486",164,,JOANN,0.136,"206,460",164,,WARREN,,,,
STEPHENS,"141,759",0.057,165,,,,DARRELL,0.108,"157,568",165,,LORRAINE,0.135,"204,942",165,,DARRELL,,,,
PAYNE,"141,759",0.057,166,,,,JEROME,0.108,"157,568",166,,LYNN,0.135,"204,942",166,,JEROME,,,,
PIERCE,"139,272",0.056,167,,,,FLOYD,0.107,"156,109",167,,SALLY,0.135,"204,942",167,,FLOYD,,,,
BERRY,"139,272",0.056,168,,,,LEO,0.106,"154,650",168,,REGINA,0.133,"201,906",168,,LEO,,,,
MATTHEWS,"139,272",0.056,169,,,,ALVIN,0.105,"153,191",169,,ERICA,0.13,"197,352",169,,ALVIN,,,,
ARNOLD,"139,272",0.056,170,,,,TIM,0.104,"151,732",170,,BEATRICE,0.13,"197,352",170,,TIM,,,,
WAGNER,"136,785",0.055,171,,,,WESLEY,0.104,"151,732",171,,DOLORES,0.129,"195,834",171,,WESLEY,,,,
WILLIS,"136,785",0.055,172,,,,GORDON,0.104,"151,732",172,,BERNICE,0.128,"194,316",172,,GORDON,,,,
RAY,"136,785",0.055,173,,,,DEAN,0.104,"151,732",173,,AUDREY,0.127,"192,798",173,,DEAN,,,,
WATKINS,"136,785",0.055,174,,,,GREG,0.104,"151,732",174,,YVONNE,0.126,"191,279",174,,GREG,,,,
OLSON,"136,785",0.055,175,,,,JORGE,0.104,"151,732",175,,ANNETTE,0.125,"189,761",175,,JORGE,,,,
CARROLL,"136,785",0.055,176,,,,DUSTIN,0.103,"150,273",176,,JUNE,0.125,"189,761",176,,DUSTIN,,,,
DUNCAN,"136,785",0.055,177,,,,PEDRO,0.103,"150,273",177,,SAMANTHA,0.124,"188,243",177,,PEDRO,,,,
SNYDER,"136,785",0.055,178,,,,DERRICK,0.103,"150,273",178,,MARION,0.122,"185,207",178,,DERRICK,,,,
HART,"134,298",0.054,179,,,,DAN,0.101,"147,355",179,,DANA,0.122,"185,207",179,,DAN,,,,
CUNNINGHAM,"134,298",0.054,180,,,,LEWIS,0.099,"144,437",180,,STACY,0.121,"183,689",180,,LEWIS,,,,
BRADLEY,"134,298",0.054,181,,,,ZACHARY,0.099,"144,437",181,,ANA,0.12,"182,171",181,,ZACHARY,,,,
LANE,"134,298",0.054,182,,,,COREY,0.098,"142,978",182,,RENEE,0.12,"182,171",182,,COREY,,,,
ANDREWS,"134,298",0.054,183,,,,HERMAN,0.097,"141,519",183,,IDA,0.118,"179,135",183,,HERMAN,,,,
RUIZ,"134,298",0.054,184,,,,MAURICE,0.097,"141,519",184,,VIVIAN,0.118,"179,135",184,,MAURICE,,,,
HARPER,"134,298",0.054,185,,,,VERNON,0.097,"141,519",185,,ROBERTA,0.117,"177,617",185,,VERNON,,,,
FOX,"131,811",0.053,186,,,,ROBERTO,0.097,"141,519",186,,HOLLY,0.117,"177,617",186,,ROBERTO,,,,
RILEY,"131,811",0.053,187,,,,CLYDE,0.095,"138,601",187,,BRITTANY,0.117,"177,617",187,,CLYDE,,,,
ARMSTRONG,"131,811",0.053,188,,,,GLEN,0.094,"137,142",188,,MELANIE,0.116,"176,099",188,,GLEN,,,,
CARPENTER,"131,811",0.053,189,,,,HECTOR,0.094,"137,142",189,,LORETTA,0.115,"174,580",189,,HECTOR,,,,
WEAVER,"131,811",0.053,190,,,,SHANE,0.093,"135,683",190,,YOLANDA,0.115,"174,580",190,,SHANE,,,,
GREENE,"131,811",0.053,191,,,,RICARDO,0.093,"135,683",191,,JEANETTE,0.115,"174,580",191,,RICARDO,,,,
LAWRENCE,"129,324",0.052,192,,,,SAM,0.092,"134,224",192,,LAURIE,0.114,"173,062",192,,SAM,,,,
ELLIOTT,"129,324",0.052,193,,,,RICK,0.091,"132,765",193,,KATIE,0.113,"171,544",193,,RICK,,,,
CHAVEZ,"129,324",0.052,194,,,,LESTER,0.091,"132,765",194,,KRISTEN,0.111,"168,508",194,,LESTER,,,,
SIMS,"129,324",0.052,195,,,,BRENT,0.09,"131,307",195,,VANESSA,0.111,"168,508",195,,BRENT,,,,
AUSTIN,"129,324",0.052,196,,,,RAMON,0.09,"131,307",196,,ALMA,0.111,"168,508",196,,RAMON,,,,
PETERS,"129,324",0.052,197,,,,CHARLIE,0.09,"131,307",197,,SUE,0.111,"168,508",197,,CHARLIE,,,,
KELLEY,"129,324",0.052,198,,,,TYLER,0.089,"129,848",198,,ELSIE,0.11,"166,990",198,,TYLER,,,,
FRANKLIN,"126,837",0.051,199,,,,GILBERT,0.089,"129,848",199,,BETH,0.11,"166,990",199,,GILBERT,,,,
LAWSON,"126,837",0.051,200,,,,GENE,0.087,"126,930",200,,JEANNE,0.109,"165,472",200,,GENE,,,,
FIELDS,"126,837",0.051,201,,,,MARC,0.087,"126,930",201,,VICKI,0.109,"165,472",201,,MARC,,,,
GUTIERREZ,"126,837",0.051,202,,,,REGINALD,0.084,"122,553",202,,CARLA,0.107,"162,436",202,,REGINALD,,,,
RYAN,"126,837",0.051,203,,,,RUBEN,0.082,"119,635",203,,TARA,0.107,"162,436",203,,RUBEN,,,,
SCHMIDT,"126,837",0.051,204,,,,BRETT,0.082,"119,635",204,,ROSEMARY,0.107,"162,436",204,,BRETT,,,,
CARR,"126,837",0.051,205,,,,ANGEL,0.082,"119,635",205,,EILEEN,0.105,"159,400",205,,ANGEL,,,,
VASQUEZ,"126,837",0.051,206,,,,NATHANIEL,0.081,"118,176",206,,TERRI,0.105,"159,400",206,,NATHANIEL,,,,
CASTILLO,"126,837",0.051,207,,,,RAFAEL,0.081,"118,176",207,,GERTRUDE,0.103,"156,363",207,,RAFAEL,,,,
WHEELER,"126,837",0.051,208,,,,LESLIE,0.081,"118,176",208,,LUCY,0.103,"156,363",208,,LESLIE,,,,
CHAPMAN,"124,350",0.05,209,,,,EDGAR,0.08,"116,717",209,,TONYA,0.102,"154,845",209,,EDGAR,,,,
OLIVER,"124,350",0.05,210,,,,MILTON,0.08,"116,717",210,,ELLA,0.101,"153,327",210,,MILTON,,,,
MONTGOMERY,"121,863",0.049,211,,,,RAUL,0.079,"115,258",211,,STACEY,0.101,"153,327",211,,RAUL,,,,
RICHARDS,"121,863",0.049,212,,,,BEN,0.078,"113,799",212,,WILMA,0.099,"150,291",212,,BEN,,,,
WILLIAMSON,"121,863",0.049,213,,,,CHESTER,0.078,"113,799",213,,GINA,0.099,"150,291",213,,CHESTER,,,,
JOHNSTON,"121,863",0.049,214,,,,CECIL,0.078,"113,799",214,,KRISTIN,0.099,"150,291",214,,CECIL,,,,
BANKS,"119,376",0.048,215,,,,DUANE,0.077,"112,340",215,,JESSIE,0.098,"148,773",215,,DUANE,,,,
MEYER,"119,376",0.048,216,,,,FRANKLIN,0.077,"112,340",216,,NATALIE,0.098,"148,773",216,,FRANKLIN,,,,
BISHOP,"119,376",0.048,217,,,,ANDRE,0.076,"110,881",217,,AGNES,0.098,"148,773",217,,ANDRE,,,,
MCCOY,"119,376",0.048,218,,,,ELMER,0.074,"107,963",218,,VERA,0.098,"148,773",218,,ELMER,,,,
HOWELL,"119,376",0.048,219,,,,BRAD,0.073,"106,504",219,,WILLIE,0.097,"147,255",219,,BRAD,,,,
ALVAREZ,"119,376",0.048,220,,,,GABRIEL,0.073,"106,504",220,,CHARLENE,0.097,"147,255",220,,GABRIEL,,,,
MORRISON,"119,376",0.048,221,,,,RON,0.072,"105,045",221,,BESSIE,0.096,"145,737",221,,RON,,,,
HANSEN,"116,889",0.047,222,,,,MITCHELL,0.072,"105,045",222,,DELORES,0.095,"144,219",222,,MITCHELL,,,,
FERNANDEZ,"116,889",0.047,223,,,,ROLAND,0.072,"105,045",223,,MELINDA,0.094,"142,701",223,,ROLAND,,,,
GARZA,"116,889",0.047,224,,,,ARNOLD,0.072,"105,045",224,,PEARL,0.094,"142,701",224,,ARNOLD,,,,
HARVEY,"116,889",0.047,225,,,,HARVEY,0.072,"105,045",225,,ARLENE,0.094,"142,701",225,,HARVEY,,,,
LITTLE,"114,402",0.046,226,,,,JARED,0.071,"103,586",226,,MAUREEN,0.092,"139,664",226,,JARED,,,,
BURTON,"114,402",0.046,227,,,,ADRIAN,0.069,"100,668",227,,COLLEEN,0.092,"139,664",227,,ADRIAN,,,,
STANLEY,"114,402",0.046,228,,,,KARL,0.069,"100,668",228,,ALLISON,0.092,"139,664",228,,KARL,,,,
NGUYEN,"114,402",0.046,229,,,,CORY,0.068,"99,209",229,,TAMARA,0.092,"139,664",229,,CORY,,,,
GEORGE,"114,402",0.046,230,,,,CLAUDE,0.068,"99,209",230,,JOY,0.091,"138,146",230,,CLAUDE,,,,
JACOBS,"114,402",0.046,231,,,,ERIK,0.068,"99,209",231,,GEORGIA,0.091,"138,146",231,,ERIK,,,,
REID,"114,402",0.046,232,,,,DARRYL,0.067,"97,750",232,,CONSTANCE,0.091,"138,146",232,,DARRYL,,,,
KIM,"111,915",0.045,233,,,,JAMIE,0.066,"96,291",233,,LILLIE,0.09,"136,628",233,,JAMIE,,,,
FULLER,"111,915",0.045,234,,,,NEIL,0.066,"96,291",234,,CLAUDIA,0.09,"136,628",234,,NEIL,,,,
LYNCH,"111,915",0.045,235,,,,JESSIE,0.065,"94,832",235,,JACKIE,0.09,"136,628",235,,JESSIE,,,,
DEAN,"111,915",0.045,236,,,,CHRISTIAN,0.065,"94,832",236,,MARCIA,0.09,"136,628",236,,CHRISTIAN,,,,
GILBERT,"111,915",0.045,237,,,,JAVIER,0.065,"94,832",237,,TANYA,0.089,"135,110",237,,JAVIER,,,,
GARRETT,"111,915",0.045,238,,,,FERNANDO,0.065,"94,832",238,,NELLIE,0.089,"135,110",238,,FERNANDO,,,,
ROMERO,"111,915",0.045,239,,,,CLINTON,0.065,"94,832",239,,MINNIE,0.089,"135,110",239,,CLINTON,,,,
WELCH,"109,428",0.044,240,,,,TED,0.064,"93,374",240,,MARLENE,0.088,"133,592",240,,TED,,,,
LARSON,"109,428",0.044,241,,,,MATHEW,0.064,"93,374",241,,HEIDI,0.088,"133,592",241,,MATHEW,,,,
FRAZIER,"109,428",0.044,242,,,,TYRONE,0.064,"93,374",242,,GLENDA,0.088,"133,592",242,,TYRONE,,,,
BURKE,"109,428",0.044,243,,,,DARREN,0.064,"93,374",243,,LYDIA,0.086,"130,556",243,,DARREN,,,,
HANSON,"106,941",0.043,244,,,,LONNIE,0.064,"93,374",244,,VIOLA,0.086,"130,556",244,,LONNIE,,,,
DAY,"106,941",0.043,245,,,,LANCE,0.063,"91,915",245,,COURTNEY,0.086,"130,556",245,,LANCE,,,,
MENDOZA,"106,941",0.043,246,,,,CODY,0.063,"91,915",246,,MARIAN,0.086,"130,556",246,,CODY,,,,
MORENO,"106,941",0.043,247,,,,JULIO,0.063,"91,915",247,,STELLA,0.085,"129,038",247,,JULIO,,,,
BOWMAN,"106,941",0.043,248,,,,KELLY,0.063,"91,915",248,,CAROLINE,0.085,"129,038",248,,KELLY,,,,
MEDINA,"104,454",0.042,249,,,,KURT,0.062,"90,456",249,,DORA,0.084,"127,520",249,,KURT,,,,
FOWLER,"104,454",0.042,250,,,,ALLAN,0.061,"88,997",250,,JO,0.083,"126,002",250,,ALLAN,,,,
BREWER,"104,454",0.042,251,,,,NELSON,0.061,"88,997",251,,VICKIE,0.082,"124,483",251,,NELSON,,,,
HOFFMAN,"104,454",0.042,252,,,,GUY,0.06,"87,538",252,,MATTIE,0.081,"122,965",252,,GUY,,,,
CARLSON,"104,454",0.042,253,,,,CLAYTON,0.06,"87,538",253,,TERRY,0.08,"121,447",253,,CLAYTON,,,,
SILVA,"104,454",0.042,254,,,,HUGH,0.06,"87,538",254,,MAXINE,0.079,"119,929",254,,HUGH,,,,
PEARSON,"104,454",0.042,255,,,,MAX,0.059,"86,079",255,,IRMA,0.079,"119,929",255,,MAX,,,,
HOLLAND,"104,454",0.042,256,,,,DWAYNE,0.059,"86,079",256,,MABEL,0.078,"118,411",256,,DWAYNE,,,,
DOUGLAS,"101,967",0.041,257,,,,DWIGHT,0.058,"84,620",257,,MARSHA,0.078,"118,411",257,,DWIGHT,,,,
FLEMING,"101,967",0.041,258,,,,ARMANDO,0.058,"84,620",258,,MYRTLE,0.078,"118,411",258,,ARMANDO,,,,
JENSEN,"101,967",0.041,259,,,,FELIX,0.058,"84,620",259,,LENA,0.077,"116,893",259,,FELIX,,,,
VARGAS,"101,967",0.041,260,,,,JIMMIE,0.058,"84,620",260,,CHRISTY,0.077,"116,893",260,,JIMMIE,,,,
BYRD,"101,967",0.041,261,,,,EVERETT,0.057,"83,161",261,,DEANNA,0.076,"115,375",261,,EVERETT,,,,
DAVIDSON,"101,967",0.041,262,,,,JORDAN,0.056,"81,702",262,,PATSY,0.076,"115,375",262,,JORDAN,,,,
HOPKINS,"101,967",0.041,263,,,,IAN,0.056,"81,702",263,,HILDA,0.075,"113,857",263,,IAN,,,,
MAY,"99,480",0.04,264,,,,WALLACE,0.056,"81,702",264,,GWENDOLYN,0.074,"112,339",264,,WALLACE,,,,
TERRY,"99,480",0.04,265,,,,KEN,0.055,"80,243",265,,JENNIE,0.073,"110,821",265,,KEN,,,,
HERRERA,"99,480",0.04,266,,,,BOB,0.055,"80,243",266,,NORA,0.073,"110,821",266,,BOB,,,,
WADE,"99,480",0.04,267,,,,JAIME,0.055,"80,243",267,,MARGIE,0.072,"109,303",267,,JAIME,,,,
SOTO,"99,480",0.04,268,,,,CASEY,0.054,"78,784",268,,NINA,0.072,"109,303",268,,CASEY,,,,
WALTERS,"99,480",0.04,269,,,,ALFREDO,0.054,"78,784",269,,CASSANDRA,0.072,"109,303",269,,ALFREDO,,,,
CURTIS,"99,480",0.04,270,,,,ALBERTO,0.053,"77,325",270,,LEAH,0.072,"109,303",270,,ALBERTO,,,,
NEAL,"96,993",0.039,271,,,,DAVE,0.053,"77,325",271,,PENNY,0.071,"107,784",271,,DAVE,,,,
CALDWELL,"96,993",0.039,272,,,,IVAN,0.053,"77,325",272,,KAY,0.071,"107,784",272,,IVAN,,,,
LOWE,"96,993",0.039,273,,,,JOHNNIE,0.052,"75,866",273,,PRISCILLA,0.071,"107,784",273,,JOHNNIE,,,,
JENNINGS,"96,993",0.039,274,,,,SIDNEY,0.052,"75,866",274,,NAOMI,0.071,"107,784",274,,SIDNEY,,,,
BARNETT,"96,993",0.039,275,,,,BYRON,0.052,"75,866",275,,CAROLE,0.071,"107,784",275,,BYRON,,,,
GRAVES,"96,993",0.039,276,,,,JULIAN,0.052,"75,866",276,,BRANDY,0.07,"106,266",276,,JULIAN,,,,
JIMENEZ,"96,993",0.039,277,,,,ISAAC,0.051,"74,407",277,,OLGA,0.07,"106,266",277,,ISAAC,,,,
HORTON,"96,993",0.039,278,,,,MORRIS,0.051,"74,407",278,,BILLIE,0.069,"104,748",278,,MORRIS,,,,
SHELTON,"96,993",0.039,279,,,,CLIFTON,0.05,"72,948",279,,DIANNE,0.069,"104,748",279,,CLIFTON,,,,
BARRETT,"96,993",0.039,280,,,,WILLARD,0.05,"72,948",280,,TRACEY,0.069,"104,748",280,,WILLARD,,,,
OBRIEN,"96,993",0.039,281,,,,DARYL,0.05,"72,948",281,,LEONA,0.069,"104,748",281,,DARYL,,,,
CASTRO,"96,993",0.039,282,,,,ROSS,0.05,"72,948",282,,JENNY,0.068,"103,230",282,,ROSS,,,,
SUTTON,"94,506",0.038,283,,,,VIRGIL,0.049,"71,489",283,,FELICIA,0.068,"103,230",283,,VIRGIL,,,,
GREGORY,"94,506",0.038,284,,,,ANDY,0.049,"71,489",284,,SONIA,0.068,"103,230",284,,ANDY,,,,
MCKINNEY,"94,506",0.038,285,,,,MARSHALL,0.049,"71,489",285,,MIRIAM,0.066,"100,194",285,,MARSHALL,,,,
LUCAS,"94,506",0.038,286,,,,SALVADOR,0.049,"71,489",286,,VELMA,0.066,"100,194",286,,SALVADOR,,,,
MILES,"94,506",0.038,287,,,,PERRY,0.049,"71,489",287,,BECKY,0.066,"100,194",287,,PERRY,,,,
CRAIG,"94,506",0.038,288,,,,KIRK,0.049,"71,489",288,,BOBBIE,0.065,"98,676",288,,KIRK,,,,
RODRIQUEZ,"92,019",0.037,289,,,,SERGIO,0.049,"71,489",289,,VIOLET,0.065,"98,676",289,,SERGIO,,,,
CHAMBERS,"92,019",0.037,290,,,,MARION,0.048,"70,030",290,,KRISTINA,0.065,"98,676",290,,MARION,,,,
HOLT,"92,019",0.037,291,,,,TRACY,0.048,"70,030",291,,TONI,0.064,"97,158",291,,TRACY,,,,
LAMBERT,"92,019",0.037,292,,,,SETH,0.048,"70,030",292,,MISTY,0.063,"95,640",292,,SETH,,,,
FLETCHER,"92,019",0.037,293,,,,KENT,0.048,"70,030",293,,MAE,0.063,"95,640",293,,KENT,,,,
WATTS,"92,019",0.037,294,,,,TERRANCE,0.048,"70,030",294,,SHELLY,0.062,"94,122",294,,TERRANCE,,,,
BATES,"92,019",0.037,295,,,,RENE,0.048,"70,030",295,,DAISY,0.062,"94,122",295,,RENE,,,,
HALE,"92,019",0.037,296,,,,EDUARDO,0.047,"68,571",296,,RAMONA,0.062,"94,122",296,,EDUARDO,,,,
RHODES,"92,019",0.037,297,,,,TERRENCE,0.047,"68,571",297,,SHERRI,0.062,"94,122",297,,TERRENCE,,,,
PENA,"92,019",0.037,298,,,,ENRIQUE,0.046,"67,112",298,,ERIKA,0.061,"92,604",298,,ENRIQUE,,,,
BECK,"92,019",0.037,299,,,,FREDDIE,0.046,"67,112",299,,KATRINA,0.061,"92,604",299,,FREDDIE,,,,
NEWMAN,"89,532",0.036,300,,,,WADE,0.045,"65,653",300,,CLAIRE,0.061,"92,604",300,,WADE,,,,
HAYNES,"89,532",0.036,301,,,,AUSTIN,0.044,"64,194",301,,LINDSEY,0.06,"91,085",301,,AUSTIN,,,,
MCDANIEL,"89,532",0.036,302,,,,STUART,0.044,"64,194",302,,LINDSAY,0.06,"91,085",302,,STUART,,,,
MENDEZ,"89,532",0.036,303,,,,FREDRICK,0.043,"62,735",303,,GENEVA,0.059,"89,567",303,,FREDRICK,,,,
BUSH,"89,532",0.036,304,,,,ARTURO,0.043,"62,735",304,,GUADALUPE,0.059,"89,567",304,,ARTURO,,,,
VAUGHN,"89,532",0.036,305,,,,ALEJANDRO,0.043,"62,735",305,,BELINDA,0.059,"89,567",305,,ALEJANDRO,,,,
PARKS,"87,045",0.035,306,,,,JACKIE,0.043,"62,735",306,,MARGARITA,0.059,"89,567",306,,JACKIE,,,,
DAWSON,"87,045",0.035,307,,,,JOEY,0.043,"62,735",307,,SHERYL,0.059,"89,567",307,,JOEY,,,,
SANTIAGO,"87,045",0.035,308,,,,NICK,0.043,"62,735",308,,CORA,0.058,"88,049",308,,NICK,,,,
NORRIS,"87,045",0.035,309,,,,LUTHER,0.043,"62,735",309,,FAYE,0.058,"88,049",309,,LUTHER,,,,
HARDY,"87,045",0.035,310,,,,WENDELL,0.042,"61,276",310,,ADA,0.057,"86,531",310,,WENDELL,,,,
LOVE,"87,045",0.035,311,,,,JEREMIAH,0.042,"61,276",311,,NATASHA,0.057,"86,531",311,,JEREMIAH,,,,
STEELE,"87,045",0.035,312,,,,EVAN,0.042,"61,276",312,,SABRINA,0.057,"86,531",312,,EVAN,,,,
CURRY,"87,045",0.035,313,,,,JULIUS,0.042,"61,276",313,,ISABEL,0.057,"86,531",313,,JULIUS,,,,
POWERS,"87,045",0.035,314,,,,DANA,0.042,"61,276",314,,MARGUERITE,0.056,"85,013",314,,DANA,,,,
SCHULTZ,"87,045",0.035,315,,,,DONNIE,0.041,"59,817",315,,HATTIE,0.056,"85,013",315,,DONNIE,,,,
BARKER,"87,045",0.035,316,,,,OTIS,0.041,"59,817",316,,HARRIET,0.056,"85,013",316,,OTIS,,,,
GUZMAN,"84,558",0.034,317,,,,SHANNON,0.04,"58,358",317,,MOLLY,0.055,"83,495",317,,SHANNON,,,,
PAGE,"84,558",0.034,318,,,,TREVOR,0.04,"58,358",318,,CECILIA,0.055,"83,495",318,,TREVOR,,,,
MUNOZ,"84,558",0.034,319,,,,OLIVER,0.04,"58,358",319,,KRISTI,0.055,"83,495",319,,OLIVER,,,,
BALL,"84,558",0.034,320,,,,LUKE,0.04,"58,358",320,,BRANDI,0.055,"83,495",320,,LUKE,,,,
KELLER,"84,558",0.034,321,,,,HOMER,0.04,"58,358",321,,BLANCHE,0.055,"83,495",321,,HOMER,,,,
CHANDLER,"84,558",0.034,322,,,,GERARD,0.04,"58,358",322,,SANDY,0.055,"83,495",322,,GERARD,,,,
WEBER,"84,558",0.034,323,,,,DOUG,0.04,"58,358",323,,ROSIE,0.055,"83,495",323,,DOUG,,,,
LEONARD,"84,558",0.034,324,,,,KENNY,0.039,"56,899",324,,JOANNA,0.055,"83,495",324,,KENNY,,,,
WALSH,"82,071",0.033,325,,,,HUBERT,0.039,"56,899",325,,IRIS,0.055,"83,495",325,,HUBERT,,,,
LYONS,"82,071",0.033,326,,,,ANGELO,0.039,"56,899",326,,EUNICE,0.054,"81,977",326,,ANGELO,,,,
RAMSEY,"82,071",0.033,327,,,,SHAUN,0.039,"56,899",327,,ANGIE,0.054,"81,977",327,,SHAUN,,,,
WOLFE,"82,071",0.033,328,,,,LYLE,0.038,"55,441",328,,INEZ,0.053,"80,459",328,,LYLE,,,,
SCHNEIDER,"82,071",0.033,329,,,,MATT,0.038,"55,441",329,,LYNDA,0.053,"80,459",329,,MATT,,,,
MULLINS,"82,071",0.033,330,,,,LYNN,0.038,"55,441",330,,MADELINE,0.052,"78,941",330,,LYNN,,,,
BENSON,"82,071",0.033,331,,,,ALFONSO,0.038,"55,441",331,,AMELIA,0.052,"78,941",331,,ALFONSO,,,,
SHARP,"82,071",0.033,332,,,,ORLANDO,0.037,"53,982",332,,ALBERTA,0.052,"78,941",332,,ORLANDO,,,,
BOWEN,"82,071",0.033,333,,,,REX,0.037,"53,982",333,,GENEVIEVE,0.051,"77,423",333,,REX,,,,
DANIEL,"82,071",0.033,334,,,,CARLTON,0.037,"53,982",334,,MONIQUE,0.051,"77,423",334,,CARLTON,,,,
BARBER,"79,584",0.032,335,,,,ERNESTO,0.037,"53,982",335,,JODI,0.051,"77,423",335,,ERNESTO,,,,
CUMMINGS,"79,584",0.032,336,,,,CAMERON,0.037,"53,982",336,,JANIE,0.051,"77,423",336,,CAMERON,,,,
HINES,"79,584",0.032,337,,,,NEAL,0.037,"53,982",337,,MAGGIE,0.051,"77,423",337,,NEAL,,,,
BALDWIN,"79,584",0.032,338,,,,PABLO,0.036,"52,523",338,,KAYLA,0.051,"77,423",338,,PABLO,,,,
GRIFFITH,"79,584",0.032,339,,,,LORENZO,0.036,"52,523",339,,SONYA,0.051,"77,423",339,,LORENZO,,,,
VALDEZ,"79,584",0.032,340,,,,OMAR,0.036,"52,523",340,,JAN,0.051,"77,423",340,,OMAR,,,,
HUBBARD,"79,584",0.032,341,,,,WILBUR,0.036,"52,523",341,,LEE,0.051,"77,423",341,,WILBUR,,,,
SALAZAR,"79,584",0.032,342,,,,BLAKE,0.036,"52,523",342,,KRISTINE,0.051,"77,423",342,,BLAKE,,,,
REEVES,"79,584",0.032,343,,,,GRANT,0.036,"52,523",343,,CANDACE,0.051,"77,423",343,,GRANT,,,,
WARNER,"77,097",0.031,344,,,,HORACE,0.036,"52,523",344,,FANNIE,0.05,"75,905",344,,HORACE,,,,
STEVENSON,"77,097",0.031,345,,,,RODERICK,0.036,"52,523",345,,MARYANN,0.05,"75,905",345,,RODERICK,,,,
BURGESS,"77,097",0.031,346,,,,KERRY,0.036,"52,523",346,,OPAL,0.05,"75,905",346,,KERRY,,,,
SANTOS,"77,097",0.031,347,,,,ABRAHAM,0.035,"51,064",347,,ALISON,0.05,"75,905",347,,ABRAHAM,,,,
TATE,"77,097",0.031,348,,,,WILLIS,0.035,"51,064",348,,YVETTE,0.05,"75,905",348,,WILLIS,,,,
CROSS,"77,097",0.031,349,,,,RICKEY,0.035,"51,064",349,,MELODY,0.05,"75,905",349,,RICKEY,,,,
GARNER,"77,097",0.031,350,,,,JEAN,0.035,"51,064",350,,LUZ,0.049,"74,386",350,,JEAN,,,,
MANN,"77,097",0.031,351,,,,IRA,0.035,"51,064",351,,SUSIE,0.049,"74,386",351,,IRA,,,,
MACK,"77,097",0.031,352,,,,ANDRES,0.034,"49,605",352,,OLIVIA,0.049,"74,386",352,,ANDRES,,,,
MOSS,"77,097",0.031,353,,,,CESAR,0.034,"49,605",353,,FLORA,0.049,"74,386",353,,CESAR,,,,
THORNTON,"77,097",0.031,354,,,,JOHNATHAN,0.034,"49,605",354,,SHELLEY,0.049,"74,386",354,,JOHNATHAN,,,,
DENNIS,"77,097",0.031,355,,,,MALCOLM,0.034,"49,605",355,,KRISTY,0.048,"72,868",355,,MALCOLM,,,,
MCGEE,"77,097",0.031,356,,,,RUDOLPH,0.034,"49,605",356,,MAMIE,0.048,"72,868",356,,RUDOLPH,,,,
FARMER,"74,610",0.03,357,,,,DAMON,0.034,"49,605",357,,LULA,0.048,"72,868",357,,DAMON,,,,
DELGADO,"74,610",0.03,358,,,,KELVIN,0.034,"49,605",358,,LOLA,0.048,"72,868",358,,KELVIN,,,,
AGUILAR,"74,610",0.03,359,,,,RUDY,0.034,"49,605",359,,VERNA,0.048,"72,868",359,,RUDY,,,,
VEGA,"74,610",0.03,360,,,,PRESTON,0.034,"49,605",360,,BEULAH,0.048,"72,868",360,,PRESTON,,,,
GLOVER,"74,610",0.03,361,,,,ALTON,0.033,"48,146",361,,ANTOINETTE,0.048,"72,868",361,,ALTON,,,,
MANNING,"74,610",0.03,362,,,,ARCHIE,0.033,"48,146",362,,CANDICE,0.046,"69,832",362,,ARCHIE,,,,
COHEN,"74,610",0.03,363,,,,MARCO,0.033,"48,146",363,,JUANA,0.046,"69,832",363,,MARCO,,,,
HARMON,"74,610",0.03,364,,,,WM,0.033,"48,146",364,,JEANNETTE,0.046,"69,832",364,,WM,,,,
RODGERS,"74,610",0.03,365,,,,PETE,0.032,"46,687",365,,PAM,0.046,"69,832",365,,PETE,,,,
ROBBINS,"74,610",0.03,366,,,,RANDOLPH,0.032,"46,687",366,,KELLI,0.046,"69,832",366,,RANDOLPH,,,,
NEWTON,"74,610",0.03,367,,,,GARRY,0.032,"46,687",367,,HANNAH,0.045,"68,314",367,,GARRY,,,,
TODD,"74,610",0.03,368,,,,GEOFFREY,0.032,"46,687",368,,WHITNEY,0.045,"68,314",368,,GEOFFREY,,,,
BLAIR,"74,610",0.03,369,,,,JONATHON,0.032,"46,687",369,,BRIDGET,0.045,"68,314",369,,JONATHON,,,,
HIGGINS,"74,610",0.03,370,,,,FELIPE,0.032,"46,687",370,,KARLA,0.044,"66,796",370,,FELIPE,,,,
INGRAM,"74,610",0.03,371,,,,BENNIE,0.032,"46,687",371,,CELIA,0.044,"66,796",371,,BENNIE,,,,
REESE,"74,610",0.03,372,,,,GERARDO,0.032,"46,687",372,,LATOYA,0.043,"65,278",372,,GERARDO,,,,
CANNON,"74,610",0.03,373,,,,ED,0.032,"46,687",373,,PATTY,0.043,"65,278",373,,ED,,,,
STRICKLAND,"74,610",0.03,374,,,,DOMINIC,0.032,"46,687",374,,SHELIA,0.043,"65,278",374,,DOMINIC,,,,
TOWNSEND,"74,610",0.03,375,,,,ROBIN,0.032,"46,687",375,,GAYLE,0.043,"65,278",375,,ROBIN,,,,
POTTER,"74,610",0.03,376,,,,LOREN,0.032,"46,687",376,,DELLA,0.043,"65,278",376,,LOREN,,,,
GOODWIN,"74,610",0.03,377,,,,DELBERT,0.031,"45,228",377,,VICKY,0.043,"65,278",377,,DELBERT,,,,
WALTON,"74,610",0.03,378,,,,COLIN,0.031,"45,228",378,,LYNNE,0.043,"65,278",378,,COLIN,,,,
ROWE,"72,123",0.029,379,,,,GUILLERMO,0.031,"45,228",379,,SHERI,0.042,"63,760",379,,GUILLERMO,,,,
HAMPTON,"72,123",0.029,380,,,,EARNEST,0.031,"45,228",380,,MARIANNE,0.042,"63,760",380,,EARNEST,,,,
ORTEGA,"72,123",0.029,381,,,,LUCAS,0.031,"45,228",381,,KARA,0.041,"62,242",381,,LUCAS,,,,
PATTON,"72,123",0.029,382,,,,BENNY,0.03,"43,769",382,,JACQUELYN,0.041,"62,242",382,,BENNY,,,,
SWANSON,"72,123",0.029,383,,,,NOEL,0.03,"43,769",383,,ERMA,0.041,"62,242",383,,NOEL,,,,
JOSEPH,"72,123",0.029,384,,,,SPENCER,0.03,"43,769",384,,BLANCA,0.041,"62,242",384,,SPENCER,,,,
FRANCIS,"72,123",0.029,385,,,,RODOLFO,0.03,"43,769",385,,MYRA,0.04,"60,724",385,,RODOLFO,,,,
GOODMAN,"72,123",0.029,386,,,,MYRON,0.03,"43,769",386,,LETICIA,0.04,"60,724",386,,MYRON,,,,
MALDONADO,"72,123",0.029,387,,,,EDMUND,0.03,"43,769",387,,PAT,0.04,"60,724",387,,EDMUND,,,,
YATES,"72,123",0.029,388,,,,GARRETT,0.029,"42,310",388,,KRISTA,0.04,"60,724",388,,GARRETT,,,,
BECKER,"72,123",0.029,389,,,,SALVATORE,0.029,"42,310",389,,ROXANNE,0.04,"60,724",389,,SALVATORE,,,,
ERICKSON,"72,123",0.029,390,,,,CEDRIC,0.029,"42,310",390,,ANGELICA,0.039,"59,206",390,,CEDRIC,,,,
HODGES,"72,123",0.029,391,,,,LOWELL,0.029,"42,310",391,,JOHNNIE,0.039,"59,206",391,,LOWELL,,,,
RIOS,"72,123",0.029,392,,,,GREGG,0.029,"42,310",392,,ROBYN,0.039,"59,206",392,,GREGG,,,,
CONNER,"72,123",0.029,393,,,,SHERMAN,0.028,"40,851",393,,FRANCIS,0.039,"59,206",393,,SHERMAN,,,,
ADKINS,"72,123",0.029,394,,,,WILSON,0.028,"40,851",394,,ADRIENNE,0.039,"59,206",394,,WILSON,,,,
WEBSTER,"69,636",0.028,395,,,,DEVIN,0.028,"40,851",395,,ROSALIE,0.039,"59,206",395,,DEVIN,,,,
NORMAN,"69,636",0.028,396,,,,SYLVESTER,0.028,"40,851",396,,ALEXANDRA,0.039,"59,206",396,,SYLVESTER,,,,
MALONE,"69,636",0.028,397,,,,KIM,0.028,"40,851",397,,BROOKE,0.039,"59,206",397,,KIM,,,,
HAMMOND,"69,636",0.028,398,,,,ROOSEVELT,0.028,"40,851",398,,BETHANY,0.039,"59,206",398,,ROOSEVELT,,,,
FLOWERS,"69,636",0.028,399,,,,ISRAEL,0.028,"40,851",399,,SADIE,0.039,"59,206",399,,ISRAEL,,,,
COBB,"69,636",0.028,400,,,,JERMAINE,0.028,"40,851",400,,BERNADETTE,0.039,"59,206",400,,JERMAINE,,,,
MOODY,"69,636",0.028,401,,,,FORREST,0.027,"39,392",401,,TRACI,0.038,"57,687",401,,FORREST,,,,
QUINN,"69,636",0.028,402,,,,WILBERT,0.027,"39,392",402,,JODY,0.038,"57,687",402,,WILBERT,,,,
BLAKE,"69,636",0.028,403,,,,LELAND,0.027,"39,392",403,,KENDRA,0.038,"57,687",403,,LELAND,,,,
MAXWELL,"69,636",0.028,404,,,,SIMON,0.026,"37,933",404,,JASMINE,0.038,"57,687",404,,SIMON,,,,
POPE,"69,636",0.028,405,,,,GUADALUPE,0.026,"37,933",405,,NICHOLE,0.038,"57,687",405,,GUADALUPE,,,,
FLOYD,"67,149",0.027,406,,,,CLARK,0.026,"37,933",406,,RACHAEL,0.038,"57,687",406,,CLARK,,,,
OSBORNE,"67,149",0.027,407,,,,IRVING,0.026,"37,933",407,,CHELSEA,0.038,"57,687",407,,IRVING,,,,
PAUL,"67,149",0.027,408,,,,CARROLL,0.026,"37,933",408,,MABLE,0.038,"57,687",408,,CARROLL,,,,
MCCARTHY,"67,149",0.027,409,,,,BRYANT,0.026,"37,933",409,,ERNESTINE,0.038,"57,687",409,,BRYANT,,,,
GUERRERO,"67,149",0.027,410,,,,OWEN,0.026,"37,933",410,,MURIEL,0.038,"57,687",410,,OWEN,,,,
LINDSEY,"67,149",0.027,411,,,,RUFUS,0.025,"36,474",411,,MARCELLA,0.037,"56,169",411,,RUFUS,,,,
ESTRADA,"67,149",0.027,412,,,,WOODROW,0.025,"36,474",412,,ELENA,0.037,"56,169",412,,WOODROW,,,,
SANDOVAL,"67,149",0.027,413,,,,SAMMY,0.025,"36,474",413,,KRYSTAL,0.037,"56,169",413,,SAMMY,,,,
GIBBS,"67,149",0.027,414,,,,KRISTOPHER,0.025,"36,474",414,,ANGELINA,0.037,"56,169",414,,KRISTOPHER,,,,
TYLER,"67,149",0.027,415,,,,MACK,0.025,"36,474",415,,NADINE,0.036,"54,651",415,,MACK,,,,
GROSS,"67,149",0.027,416,,,,LEVI,0.025,"36,474",416,,KARI,0.036,"54,651",416,,LEVI,,,,
FITZGERALD,"67,149",0.027,417,,,,MARCOS,0.025,"36,474",417,,ESTELLE,0.036,"54,651",417,,MARCOS,,,,
STOKES,"67,149",0.027,418,,,,GUSTAVO,0.025,"36,474",418,,DIANNA,0.036,"54,651",418,,GUSTAVO,,,,
DOYLE,"67,149",0.027,419,,,,JAKE,0.025,"36,474",419,,PAULETTE,0.036,"54,651",419,,JAKE,,,,
SHERMAN,"67,149",0.027,420,,,,LIONEL,0.024,"35,015",420,,LORA,0.036,"54,651",420,,LIONEL,,,,
SAUNDERS,"67,149",0.027,421,,,,MARTY,0.024,"35,015",421,,MONA,0.035,"53,133",421,,MARTY,,,,
WISE,"67,149",0.027,422,,,,TAYLOR,0.024,"35,015",422,,DOREEN,0.035,"53,133",422,,TAYLOR,,,,
COLON,"67,149",0.027,423,,,,ELLIS,0.024,"35,015",423,,ROSEMARIE,0.035,"53,133",423,,ELLIS,,,,
GILL,"67,149",0.027,424,,,,DALLAS,0.024,"35,015",424,,ANGEL,0.035,"53,133",424,,DALLAS,,,,
ALVARADO,"67,149",0.027,425,,,,GILBERTO,0.024,"35,015",425,,DESIREE,0.035,"53,133",425,,GILBERTO,,,,
GREER,"64,662",0.026,426,,,,CLINT,0.024,"35,015",426,,ANTONIA,0.035,"53,133",426,,CLINT,,,,
PADILLA,"64,662",0.026,427,,,,NICOLAS,0.024,"35,015",427,,HOPE,0.034,"51,615",427,,NICOLAS,,,,
SIMON,"64,662",0.026,428,,,,LAURENCE,0.024,"35,015",428,,GINGER,0.034,"51,615",428,,LAURENCE,,,,
WATERS,"64,662",0.026,429,,,,ISMAEL,0.024,"35,015",429,,JANIS,0.034,"51,615",429,,ISMAEL,,,,
NUNEZ,"64,662",0.026,430,,,,ORVILLE,0.024,"35,015",430,,BETSY,0.034,"51,615",430,,ORVILLE,,,,
BALLARD,"64,662",0.026,431,,,,DREW,0.024,"35,015",431,,CHRISTIE,0.034,"51,615",431,,DREW,,,,
SCHWARTZ,"64,662",0.026,432,,,,JODY,0.024,"35,015",432,,FREDA,0.034,"51,615",432,,JODY,,,,
MCBRIDE,"64,662",0.026,433,,,,ERVIN,0.023,"33,556",433,,MERCEDES,0.033,"50,097",433,,ERVIN,,,,
HOUSTON,"64,662",0.026,434,,,,DEWEY,0.023,"33,556",434,,MEREDITH,0.033,"50,097",434,,DEWEY,,,,
CHRISTENSEN,"64,662",0.026,435,,,,AL,0.023,"33,556",435,,LYNETTE,0.033,"50,097",435,,AL,,,,
KLEIN,"64,662",0.026,436,,,,WILFRED,0.023,"33,556",436,,TERI,0.033,"50,097",436,,WILFRED,,,,
PRATT,"64,662",0.026,437,,,,JOSH,0.023,"33,556",437,,CRISTINA,0.033,"50,097",437,,JOSH,,,,
BRIGGS,"64,662",0.026,438,,,,HUGO,0.023,"33,556",438,,EULA,0.033,"50,097",438,,HUGO,,,,
PARSONS,"64,662",0.026,439,,,,IGNACIO,0.023,"33,556",439,,LEIGH,0.032,"48,579",439,,IGNACIO,,,,
MCLAUGHLIN,"64,662",0.026,440,,,,CALEB,0.023,"33,556",440,,MEGHAN,0.032,"48,579",440,,CALEB,,,,
ZIMMERMAN,"64,662",0.026,441,,,,TOMAS,0.023,"33,556",441,,SOPHIA,0.032,"48,579",441,,TOMAS,,,,
FRENCH,"64,662",0.026,442,,,,SHELDON,0.023,"33,556",442,,ELOISE,0.032,"48,579",442,,SHELDON,,,,
BUCHANAN,"64,662",0.026,443,,,,ERICK,0.023,"33,556",443,,ROCHELLE,0.032,"48,579",443,,ERICK,,,,
MORAN,"64,662",0.026,444,,,,FRANKIE,0.023,"33,556",444,,GRETCHEN,0.032,"48,579",444,,FRANKIE,,,,
COPELAND,"62,175",0.025,445,,,,STEWART,0.022,"32,097",445,,CECELIA,0.032,"48,579",445,,STEWART,,,,
ROY,"62,175",0.025,446,,,,DOYLE,0.022,"32,097",446,,RAQUEL,0.031,"47,061",446,,DOYLE,,,,
PITTMAN,"62,175",0.025,447,,,,DARREL,0.022,"32,097",447,,HENRIETTA,0.031,"47,061",447,,DARREL,,,,
BRADY,"62,175",0.025,448,,,,ROGELIO,0.022,"32,097",448,,ALYSSA,0.031,"47,061",448,,ROGELIO,,,,
MCCORMICK,"62,175",0.025,449,,,,TERENCE,0.022,"32,097",449,,JANA,0.031,"47,061",449,,TERENCE,,,,
HOLLOWAY,"62,175",0.025,450,,,,SANTIAGO,0.022,"32,097",450,,KELLEY,0.031,"47,061",450,,SANTIAGO,,,,
BROCK,"62,175",0.025,451,,,,ALONZO,0.022,"32,097",451,,GWEN,0.031,"47,061",451,,ALONZO,,,,
POOLE,"62,175",0.025,452,,,,ELIAS,0.022,"32,097",452,,KERRY,0.031,"47,061",452,,ELIAS,,,,
FRANK,"62,175",0.025,453,,,,BERT,0.022,"32,097",453,,JENNA,0.03,"45,543",453,,BERT,,,,
LOGAN,"62,175",0.025,454,,,,ELBERT,0.022,"32,097",454,,TRICIA,0.03,"45,543",454,,ELBERT,,,,
OWEN,"62,175",0.025,455,,,,RAMIRO,0.022,"32,097",455,,LAVERNE,0.03,"45,543",455,,RAMIRO,,,,
BASS,"62,175",0.025,456,,,,CONRAD,0.022,"32,097",456,,OLIVE,0.03,"45,543",456,,CONRAD,,,,
MARSH,"62,175",0.025,457,,,,PAT,0.022,"32,097",457,,ALEXIS,0.03,"45,543",457,,PAT,,,,
DRAKE,"62,175",0.025,458,,,,NOAH,0.022,"32,097",458,,TASHA,0.03,"45,543",458,,NOAH,,,,
WONG,"62,175",0.025,459,,,,GRADY,0.021,"30,638",459,,SILVIA,0.029,"44,025",459,,GRADY,,,,
JEFFERSON,"62,175",0.025,460,,,,PHIL,0.021,"30,638",460,,ELVIRA,0.029,"44,025",460,,PHIL,,,,
PARK,"62,175",0.025,461,,,,CORNELIUS,0.021,"30,638",461,,CASEY,0.029,"44,025",461,,CORNELIUS,,,,
MORTON,"62,175",0.025,462,,,,LAMAR,0.021,"30,638",462,,DELIA,0.029,"44,025",462,,LAMAR,,,,
ABBOTT,"62,175",0.025,463,,,,ROLANDO,0.021,"30,638",463,,SOPHIE,0.029,"44,025",463,,ROLANDO,,,,
SPARKS,"62,175",0.025,464,,,,CLAY,0.021,"30,638",464,,KATE,0.029,"44,025",464,,CLAY,,,,
PATRICK,"59,688",0.024,465,,,,PERCY,0.021,"30,638",465,,PATTI,0.029,"44,025",465,,PERCY,,,,
NORTON,"59,688",0.024,466,,,,DEXTER,0.021,"30,638",466,,LORENA,0.029,"44,025",466,,DEXTER,,,,
HUFF,"59,688",0.024,467,,,,BRADFORD,0.021,"30,638",467,,KELLIE,0.029,"44,025",467,,BRADFORD,,,,
CLAYTON,"59,688",0.024,468,,,,MERLE,0.021,"30,638",468,,SONJA,0.029,"44,025",468,,MERLE,,,,
MASSEY,"59,688",0.024,469,,,,DARIN,0.02,"29,179",469,,LILA,0.029,"44,025",469,,DARIN,,,,
LLOYD,"59,688",0.024,470,,,,AMOS,0.02,"29,179",470,,LANA,0.029,"44,025",470,,AMOS,,,,
FIGUEROA,"59,688",0.024,471,,,,TERRELL,0.02,"29,179",471,,DARLA,0.029,"44,025",471,,TERRELL,,,,
CARSON,"59,688",0.024,472,,,,MOSES,0.02,"29,179",472,,MAY,0.029,"44,025",472,,MOSES,,,,
BOWERS,"59,688",0.024,473,,,,IRVIN,0.02,"29,179",473,,MINDY,0.029,"44,025",473,,IRVIN,,,,
ROBERSON,"59,688",0.024,474,,,,SAUL,0.02,"29,179",474,,ESSIE,0.029,"44,025",474,,SAUL,,,,
BARTON,"59,688",0.024,475,,,,ROMAN,0.02,"29,179",475,,MANDY,0.029,"44,025",475,,ROMAN,,,,
TRAN,"59,688",0.024,476,,,,DARNELL,0.02,"29,179",476,,LORENE,0.028,"42,507",476,,DARNELL,,,,
LAMB,"59,688",0.024,477,,,,RANDAL,0.02,"29,179",477,,ELSA,0.028,"42,507",477,,RANDAL,,,,
HARRINGTON,"59,688",0.024,478,,,,TOMMIE,0.02,"29,179",478,,JOSEFINA,0.028,"42,507",478,,TOMMIE,,,,
CASEY,"59,688",0.024,479,,,,TIMMY,0.019,"27,720",479,,JEANNIE,0.028,"42,507",479,,TIMMY,,,,
BOONE,"59,688",0.024,480,,,,DARRIN,0.019,"27,720",480,,MIRANDA,0.028,"42,507",480,,DARRIN,,,,
CORTEZ,"59,688",0.024,481,,,,WINSTON,0.019,"27,720",481,,DIXIE,0.028,"42,507",481,,WINSTON,,,,
CLARKE,"59,688",0.024,482,,,,BRENDAN,0.019,"27,720",482,,LUCIA,0.028,"42,507",482,,BRENDAN,,,,
MATHIS,"59,688",0.024,483,,,,TOBY,0.019,"27,720",483,,MARTA,0.028,"42,507",483,,TOBY,,,,
SINGLETON,"59,688",0.024,484,,,,VAN,0.019,"27,720",484,,FAITH,0.028,"42,507",484,,VAN,,,,
WILKINS,"59,688",0.024,485,,,,ABEL,0.019,"27,720",485,,LELA,0.028,"42,507",485,,ABEL,,,,
CAIN,"59,688",0.024,486,,,,DOMINICK,0.019,"27,720",486,,JOHANNA,0.028,"42,507",486,,DOMINICK,,,,
BRYAN,"59,688",0.024,487,,,,BOYD,0.019,"27,720",487,,SHARI,0.028,"42,507",487,,BOYD,,,,
UNDERWOOD,"59,688",0.024,488,,,,COURTNEY,0.019,"27,720",488,,CAMILLE,0.028,"42,507",488,,COURTNEY,,,,
HOGAN,"59,688",0.024,489,,,,JAN,0.019,"27,720",489,,TAMI,0.027,"40,988",489,,JAN,,,,
MCKENZIE,"57,201",0.023,490,,,,EMILIO,0.019,"27,720",490,,SHAWNA,0.027,"40,988",490,,EMILIO,,,,
COLLIER,"57,201",0.023,491,,,,ELIJAH,0.019,"27,720",491,,ELISA,0.027,"40,988",491,,ELIJAH,,,,
LUNA,"57,201",0.023,492,,,,CARY,0.019,"27,720",492,,EBONY,0.027,"40,988",492,,CARY,,,,
PHELPS,"57,201",0.023,493,,,,DOMINGO,0.019,"27,720",493,,MELBA,0.027,"40,988",493,,DOMINGO,,,,
MCGUIRE,"57,201",0.023,494,,,,SANTOS,0.019,"27,720",494,,ORA,0.027,"40,988",494,,SANTOS,,,,
ALLISON,"57,201",0.023,495,,,,AUBREY,0.019,"27,720",495,,NETTIE,0.027,"40,988",495,,AUBREY,,,,
BRIDGES,"57,201",0.023,496,,,,EMMETT,0.019,"27,720",496,,TABITHA,0.027,"40,988",496,,EMMETT,,,,
WILKERSON,"57,201",0.023,497,,,,MARLON,0.019,"27,720",497,,OLLIE,0.027,"40,988",497,,MARLON,,,,
NASH,"57,201",0.023,498,,,,EMANUEL,0.019,"27,720",498,,JAIME,0.027,"40,988",498,,EMANUEL,,,,
SUMMERS,"57,201",0.023,499,,,,JERALD,0.019,"27,720",499,,WINIFRED,0.027,"40,988",499,,JERALD,,,,
ATKINS,"57,201",0.023,500,,,,EDMOND,0.019,"27,720",500,,KRISTIE,0.027,"40,988",500,,EDMOND,,,,
WILCOX,"57,201",0.023,501,,,,,,,,,,,,,,MARY,,,,
PITTS,"57,201",0.023,502,,,,,,,,,,,,,,PATRICIA,,,,
CONLEY,"57,201",0.023,503,,,,,,,,,,,,,,LINDA,,,,
MARQUEZ,"57,201",0.023,504,,,,,,,,,,,,,,BARBARA,,,,
BURNETT,"57,201",0.023,505,,,,,,,,,,,,,,ELIZABETH,,,,
RICHARD,"57,201",0.023,506,,,,,,,,,,,,,,JENNIFER,,,,
COCHRAN,"57,201",0.023,507,,,,,,,,,,,,,,MARIA,,,,
CHASE,"57,201",0.023,508,,,,,,,,,,,,,,SUSAN,,,,
DAVENPORT,"57,201",0.023,509,,,,,,,,,,,,,,MARGARET,,,,
HOOD,"57,201",0.023,510,,,,,,,,,,,,,,DOROTHY,,,,
GATES,"57,201",0.023,511,,,,,,,,,,,,,,LISA,,,,
CLAY,"57,201",0.023,512,,,,,,,,,,,,,,NANCY,,,,
AYALA,"57,201",0.023,513,,,,,,,,,,,,,,KAREN,,,,
SAWYER,"57,201",0.023,514,,,,,,,,,,,,,,BETTY,,,,
ROMAN,"57,201",0.023,515,,,,,,,,,,,,,,HELEN,,,,
VAZQUEZ,"57,201",0.023,516,,,,,,,,,,,,,,SANDRA,,,,
DICKERSON,"57,201",0.023,517,,,,,,,,,,,,,,DONNA,,,,
HODGE,"54,714",0.022,518,,,,,,,,,,,,,,CAROL,,,,
ACOSTA,"54,714",0.022,519,,,,,,,,,,,,,,RUTH,,,,
FLYNN,"54,714",0.022,520,,,,,,,,,,,,,,SHARON,,,,
ESPINOZA,"54,714",0.022,521,,,,,,,,,,,,,,MICHELLE,,,,
NICHOLSON,"54,714",0.022,522,,,,,,,,,,,,,,LAURA,,,,
MONROE,"54,714",0.022,523,,,,,,,,,,,,,,SARAH,,,,
WOLF,"54,714",0.022,524,,,,,,,,,,,,,,KIMBERLY,,,,
MORROW,"54,714",0.022,525,,,,,,,,,,,,,,DEBORAH,,,,
KIRK,"54,714",0.022,526,,,,,,,,,,,,,,JESSICA,,,,
RANDALL,"54,714",0.022,527,,,,,,,,,,,,,,SHIRLEY,,,,
ANTHONY,"54,714",0.022,528,,,,,,,,,,,,,,CYNTHIA,,,,
WHITAKER,"54,714",0.022,529,,,,,,,,,,,,,,ANGELA,,,,
OCONNOR,"54,714",0.022,530,,,,,,,,,,,,,,MELISSA,,,,
SKINNER,"54,714",0.022,531,,,,,,,,,,,,,,BRENDA,,,,
WARE,"54,714",0.022,532,,,,,,,,,,,,,,AMY,,,,
MOLINA,"54,714",0.022,533,,,,,,,,,,,,,,ANNA,,,,
KIRBY,"54,714",0.022,534,,,,,,,,,,,,,,REBECCA,,,,
HUFFMAN,"54,714",0.022,535,,,,,,,,,,,,,,VIRGINIA,,,,
BRADFORD,"54,714",0.022,536,,,,,,,,,,,,,,KATHLEEN,,,,
CHARLES,"54,714",0.022,537,,,,,,,,,,,,,,PAMELA,,,,
GILMORE,"54,714",0.022,538,,,,,,,,,,,,,,MARTHA,,,,
DOMINGUEZ,"54,714",0.022,539,,,,,,,,,,,,,,DEBRA,,,,
ONEAL,"54,714",0.022,540,,,,,,,,,,,,,,AMANDA,,,,
BRUCE,"54,714",0.022,541,,,,,,,,,,,,,,STEPHANIE,,,,
LANG,"52,227",0.021,542,,,,,,,,,,,,,,CAROLYN,,,,
COMBS,"52,227",0.021,543,,,,,,,,,,,,,,CHRISTINE,,,,
KRAMER,"52,227",0.021,544,,,,,,,,,,,,,,MARIE,,,,
HEATH,"52,227",0.021,545,,,,,,,,,,,,,,JANET,,,,
HANCOCK,"52,227",0.021,546,,,,,,,,,,,,,,CATHERINE,,,,
GALLAGHER,"52,227",0.021,547,,,,,,,,,,,,,,FRANCES,,,,
GAINES,"52,227",0.021,548,,,,,,,,,,,,,,ANN,,,,
SHAFFER,"52,227",0.021,549,,,,,,,,,,,,,,JOYCE,,,,
SHORT,"52,227",0.021,550,,,,,,,,,,,,,,DIANE,,,,
WIGGINS,"52,227",0.021,551,,,,,,,,,,,,,,ALICE,,,,
MATHEWS,"52,227",0.021,552,,,,,,,,,,,,,,JULIE,,,,
MCCLAIN,"52,227",0.021,553,,,,,,,,,,,,,,HEATHER,,,,
FISCHER,"52,227",0.021,554,,,,,,,,,,,,,,TERESA,,,,
WALL,"52,227",0.021,555,,,,,,,,,,,,,,DORIS,,,,
SMALL,"52,227",0.021,556,,,,,,,,,,,,,,GLORIA,,,,
MELTON,"52,227",0.021,557,,,,,,,,,,,,,,EVELYN,,,,
HENSLEY,"52,227",0.021,558,,,,,,,,,,,,,,JEAN,,,,
BOND,"52,227",0.021,559,,,,,,,,,,,,,,CHERYL,,,,
DYER,"52,227",0.021,560,,,,,,,,,,,,,,MILDRED,,,,
CAMERON,"52,227",0.021,561,,,,,,,,,,,,,,KATHERINE,,,,
GRIMES,"52,227",0.021,562,,,,,,,,,,,,,,JOAN,,,,
CONTRERAS,"52,227",0.021,563,,,,,,,,,,,,,,ASHLEY,,,,
CHRISTIAN,"52,227",0.021,564,,,,,,,,,,,,,,JUDITH,,,,
WYATT,"52,227",0.021,565,,,,,,,,,,,,,,ROSE,,,,
BAXTER,"52,227",0.021,566,,,,,,,,,,,,,,JANICE,,,,
SNOW,"52,227",0.021,567,,,,,,,,,,,,,,KELLY,,,,
MOSLEY,"52,227",0.021,568,,,,,,,,,,,,,,NICOLE,,,,
SHEPHERD,"52,227",0.021,569,,,,,,,,,,,,,,JUDY,,,,
LARSEN,"52,227",0.021,570,,,,,,,,,,,,,,CHRISTINA,,,,
HOOVER,"52,227",0.021,571,,,,,,,,,,,,,,KATHY,,,,
BEASLEY,"49,740",0.02,572,,,,,,,,,,,,,,THERESA,,,,
GLENN,"49,740",0.02,573,,,,,,,,,,,,,,BEVERLY,,,,
PETERSEN,"49,740",0.02,574,,,,,,,,,,,,,,DENISE,,,,
WHITEHEAD,"49,740",0.02,575,,,,,,,,,,,,,,TAMMY,,,,
MEYERS,"49,740",0.02,576,,,,,,,,,,,,,,IRENE,,,,
KEITH,"49,740",0.02,577,,,,,,,,,,,,,,JANE,,,,
GARRISON,"49,740",0.02,578,,,,,,,,,,,,,,LORI,,,,
VINCENT,"49,740",0.02,579,,,,,,,,,,,,,,RACHEL,,,,
SHIELDS,"49,740",0.02,580,,,,,,,,,,,,,,MARILYN,,,,
HORN,"49,740",0.02,581,,,,,,,,,,,,,,ANDREA,,,,
SAVAGE,"49,740",0.02,582,,,,,,,,,,,,,,KATHRYN,,,,
OLSEN,"49,740",0.02,583,,,,,,,,,,,,,,LOUISE,,,,
SCHROEDER,"49,740",0.02,584,,,,,,,,,,,,,,SARA,,,,
HARTMAN,"49,740",0.02,585,,,,,,,,,,,,,,ANNE,,,,
WOODARD,"49,740",0.02,586,,,,,,,,,,,,,,JACQUELINE,,,,
MUELLER,"49,740",0.02,587,,,,,,,,,,,,,,WANDA,,,,
KEMP,"49,740",0.02,588,,,,,,,,,,,,,,BONNIE,,,,
DELEON,"49,740",0.02,589,,,,,,,,,,,,,,JULIA,,,,
BOOTH,"49,740",0.02,590,,,,,,,,,,,,,,RUBY,,,,
PATEL,"49,740",0.02,591,,,,,,,,,,,,,,LOIS,,,,
CALHOUN,"49,740",0.02,592,,,,,,,,,,,,,,TINA,,,,
WILEY,"49,740",0.02,593,,,,,,,,,,,,,,PHYLLIS,,,,
EATON,"49,740",0.02,594,,,,,,,,,,,,,,NORMA,,,,
CLINE,"49,740",0.02,595,,,,,,,,,,,,,,PAULA,,,,
NAVARRO,"49,740",0.02,596,,,,,,,,,,,,,,DIANA,,,,
HARRELL,"49,740",0.02,597,,,,,,,,,,,,,,ANNIE,,,,
LESTER,"49,740",0.02,598,,,,,,,,,,,,,,LILLIAN,,,,
HUMPHREY,"49,740",0.02,599,,,,,,,,,,,,,,EMILY,,,,
PARRISH,"49,740",0.02,600,,,,,,,,,,,,,,ROBIN,,,,
DURAN,"49,740",0.02,601,,,,,,,,,,,,,,PEGGY,,,,
HUTCHINSON,"49,740",0.02,602,,,,,,,,,,,,,,CRYSTAL,,,,
HESS,"49,740",0.02,603,,,,,,,,,,,,,,GLADYS,,,,
DORSEY,"49,740",0.02,604,,,,,,,,,,,,,,RITA,,,,
BULLOCK,"49,740",0.02,605,,,,,,,,,,,,,,DAWN,,,,
ROBLES,"49,740",0.02,606,,,,,,,,,,,,,,CONNIE,,,,
BEARD,"47,253",0.019,607,,,,,,,,,,,,,,FLORENCE,,,,
DALTON,"47,253",0.019,608,,,,,,,,,,,,,,TRACY,,,,
AVILA,"47,253",0.019,609,,,,,,,,,,,,,,EDNA,,,,
VANCE,"47,253",0.019,610,,,,,,,,,,,,,,TIFFANY,,,,
RICH,"47,253",0.019,611,,,,,,,,,,,,,,CARMEN,,,,
BLACKWELL,"47,253",0.019,612,,,,,,,,,,,,,,ROSA,,,,
YORK,"47,253",0.019,613,,,,,,,,,,,,,,CINDY,,,,
JOHNS,"47,253",0.019,614,,,,,,,,,,,,,,GRACE,,,,
BLANKENSHIP,"47,253",0.019,615,,,,,,,,,,,,,,WENDY,,,,
TREVINO,"47,253",0.019,616,,,,,,,,,,,,,,VICTORIA,,,,
SALINAS,"47,253",0.019,617,,,,,,,,,,,,,,EDITH,,,,
CAMPOS,"47,253",0.019,618,,,,,,,,,,,,,,KIM,,,,
PRUITT,"47,253",0.019,619,,,,,,,,,,,,,,SHERRY,,,,
MOSES,"47,253",0.019,620,,,,,,,,,,,,,,SYLVIA,,,,
CALLAHAN,"47,253",0.019,621,,,,,,,,,,,,,,JOSEPHINE,,,,
GOLDEN,"47,253",0.019,622,,,,,,,,,,,,,,THELMA,,,,
MONTOYA,"47,253",0.019,623,,,,,,,,,,,,,,SHANNON,,,,
HARDIN,"47,253",0.019,624,,,,,,,,,,,,,,SHEILA,,,,
GUERRA,"47,253",0.019,625,,,,,,,,,,,,,,ETHEL,,,,
MCDOWELL,"47,253",0.019,626,,,,,,,,,,,,,,ELLEN,,,,
CAREY,"47,253",0.019,627,,,,,,,,,,,,,,ELAINE,,,,
STAFFORD,"47,253",0.019,628,,,,,,,,,,,,,,MARJORIE,,,,
GALLEGOS,"47,253",0.019,629,,,,,,,,,,,,,,CARRIE,,,,
HENSON,"47,253",0.019,630,,,,,,,,,,,,,,CHARLOTTE,,,,
WILKINSON,"47,253",0.019,631,,,,,,,,,,,,,,MONICA,,,,
BOOKER,"47,253",0.019,632,,,,,,,,,,,,,,ESTHER,,,,
MERRITT,"47,253",0.019,633,,,,,,,,,,,,,,PAULINE,,,,
MIRANDA,"47,253",0.019,634,,,,,,,,,,,,,,EMMA,,,,
ATKINSON,"47,253",0.019,635,,,,,,,,,,,,,,JUANITA,,,,
ORR,"47,253",0.019,636,,,,,,,,,,,,,,ANITA,,,,
DECKER,"47,253",0.019,637,,,,,,,,,,,,,,RHONDA,,,,
HOBBS,"47,253",0.019,638,,,,,,,,,,,,,,HAZEL,,,,
PRESTON,"47,253",0.019,639,,,,,,,,,,,,,,AMBER,,,,
TANNER,"47,253",0.019,640,,,,,,,,,,,,,,EVA,,,,
KNOX,"47,253",0.019,641,,,,,,,,,,,,,,DEBBIE,,,,
PACHECO,"47,253",0.019,642,,,,,,,,,,,,,,APRIL,,,,
STEPHENSON,"44,766",0.018,643,,,,,,,,,,,,,,LESLIE,,,,
GLASS,"44,766",0.018,644,,,,,,,,,,,,,,CLARA,,,,
ROJAS,"44,766",0.018,645,,,,,,,,,,,,,,LUCILLE,,,,
SERRANO,"44,766",0.018,646,,,,,,,,,,,,,,JAMIE,,,,
MARKS,"44,766",0.018,647,,,,,,,,,,,,,,JOANNE,,,,
HICKMAN,"44,766",0.018,648,,,,,,,,,,,,,,ELEANOR,,,,
ENGLISH,"44,766",0.018,649,,,,,,,,,,,,,,VALERIE,,,,
SWEENEY,"44,766",0.018,650,,,,,,,,,,,,,,DANIELLE,,,,
STRONG,"44,766",0.018,651,,,,,,,,,,,,,,MEGAN,,,,
PRINCE,"44,766",0.018,652,,,,,,,,,,,,,,ALICIA,,,,
MCCLURE,"44,766",0.018,653,,,,,,,,,,,,,,SUZANNE,,,,
CONWAY,"44,766",0.018,654,,,,,,,,,,,,,,MICHELE,,,,
WALTER,"44,766",0.018,655,,,,,,,,,,,,,,GAIL,,,,
ROTH,"44,766",0.018,656,,,,,,,,,,,,,,BERTHA,,,,
MAYNARD,"44,766",0.018,657,,,,,,,,,,,,,,DARLENE,,,,
FARRELL,"44,766",0.018,658,,,,,,,,,,,,,,VERONICA,,,,
LOWERY,"44,766",0.018,659,,,,,,,,,,,,,,JILL,,,,
HURST,"44,766",0.018,660,,,,,,,,,,,,,,ERIN,,,,
NIXON,"44,766",0.018,661,,,,,,,,,,,,,,GERALDINE,,,,
WEISS,"44,766",0.018,662,,,,,,,,,,,,,,LAUREN,,,,
TRUJILLO,"44,766",0.018,663,,,,,,,,,,,,,,CATHY,,,,
ELLISON,"44,766",0.018,664,,,,,,,,,,,,,,JOANN,,,,
SLOAN,"44,766",0.018,665,,,,,,,,,,,,,,LORRAINE,,,,
JUAREZ,"44,766",0.018,666,,,,,,,,,,,,,,LYNN,,,,
WINTERS,"44,766",0.018,667,,,,,,,,,,,,,,SALLY,,,,
MCLEAN,"44,766",0.018,668,,,,,,,,,,,,,,REGINA,,,,
RANDOLPH,"44,766",0.018,669,,,,,,,,,,,,,,ERICA,,,,
LEON,"44,766",0.018,670,,,,,,,,,,,,,,BEATRICE,,,,
BOYER,"44,766",0.018,671,,,,,,,,,,,,,,DOLORES,,,,
VILLARREAL,"44,766",0.018,672,,,,,,,,,,,,,,BERNICE,,,,
MCCALL,"44,766",0.018,673,,,,,,,,,,,,,,AUDREY,,,,
GENTRY,"44,766",0.018,674,,,,,,,,,,,,,,YVONNE,,,,
CARRILLO,"42,279",0.017,675,,,,,,,,,,,,,,ANNETTE,,,,
KENT,"42,279",0.017,676,,,,,,,,,,,,,,JUNE,,,,
AYERS,"42,279",0.017,677,,,,,,,,,,,,,,SAMANTHA,,,,
LARA,"42,279",0.017,678,,,,,,,,,,,,,,MARION,,,,
SHANNON,"42,279",0.017,679,,,,,,,,,,,,,,DANA,,,,
SEXTON,"42,279",0.017,680,,,,,,,,,,,,,,STACY,,,,
PACE,"42,279",0.017,681,,,,,,,,,,,,,,ANA,,,,
HULL,"42,279",0.017,682,,,,,,,,,,,,,,RENEE,,,,
LEBLANC,"42,279",0.017,683,,,,,,,,,,,,,,IDA,,,,
BROWNING,"42,279",0.017,684,,,,,,,,,,,,,,VIVIAN,,,,
VELASQUEZ,"42,279",0.017,685,,,,,,,,,,,,,,ROBERTA,,,,
LEACH,"42,279",0.017,686,,,,,,,,,,,,,,HOLLY,,,,
CHANG,"42,279",0.017,687,,,,,,,,,,,,,,BRITTANY,,,,
HOUSE,"42,279",0.017,688,,,,,,,,,,,,,,MELANIE,,,,
SELLERS,"42,279",0.017,689,,,,,,,,,,,,,,LORETTA,,,,
HERRING,"42,279",0.017,690,,,,,,,,,,,,,,YOLANDA,,,,
NOBLE,"42,279",0.017,691,,,,,,,,,,,,,,JEANETTE,,,,
FOLEY,"42,279",0.017,692,,,,,,,,,,,,,,LAURIE,,,,
BARTLETT,"42,279",0.017,693,,,,,,,,,,,,,,KATIE,,,,
MERCADO,"42,279",0.017,694,,,,,,,,,,,,,,KRISTEN,,,,
LANDRY,"42,279",0.017,695,,,,,,,,,,,,,,VANESSA,,,,
DURHAM,"42,279",0.017,696,,,,,,,,,,,,,,ALMA,,,,
WALLS,"42,279",0.017,697,,,,,,,,,,,,,,SUE,,,,
BARR,"42,279",0.017,698,,,,,,,,,,,,,,ELSIE,,,,
MCKEE,"42,279",0.017,699,,,,,,,,,,,,,,BETH,,,,
BAUER,"42,279",0.017,700,,,,,,,,,,,,,,JEANNE,,,,
RIVERS,"42,279",0.017,701,,,,,,,,,,,,,,VICKI,,,,
EVERETT,"42,279",0.017,702,,,,,,,,,,,,,,CARLA,,,,
BRADSHAW,"42,279",0.017,703,,,,,,,,,,,,,,TARA,,,,
PUGH,"42,279",0.017,704,,,,,,,,,,,,,,ROSEMARY,,,,
VELEZ,"42,279",0.017,705,,,,,,,,,,,,,,EILEEN,,,,
RUSH,"42,279",0.017,706,,,,,,,,,,,,,,TERRI,,,,
ESTES,"42,279",0.017,707,,,,,,,,,,,,,,GERTRUDE,,,,
DODSON,"42,279",0.017,708,,,,,,,,,,,,,,LUCY,,,,
MORSE,"42,279",0.017,709,,,,,,,,,,,,,,TONYA,,,,
SHEPPARD,"42,279",0.017,710,,,,,,,,,,,,,,ELLA,,,,
WEEKS,"42,279",0.017,711,,,,,,,,,,,,,,STACEY,,,,
CAMACHO,"42,279",0.017,712,,,,,,,,,,,,,,WILMA,,,,
BEAN,"42,279",0.017,713,,,,,,,,,,,,,,GINA,,,,
BARRON,"42,279",0.017,714,,,,,,,,,,,,,,KRISTIN,,,,
LIVINGSTON,"42,279",0.017,715,,,,,,,,,,,,,,JESSIE,,,,
MIDDLETON,"39,792",0.016,716,,,,,,,,,,,,,,NATALIE,,,,
SPEARS,"39,792",0.016,717,,,,,,,,,,,,,,AGNES,,,,
BRANCH,"39,792",0.016,718,,,,,,,,,,,,,,VERA,,,,
BLEVINS,"39,792",0.016,719,,,,,,,,,,,,,,WILLIE,,,,
CHEN,"39,792",0.016,720,,,,,,,,,,,,,,CHARLENE,,,,
KERR,"39,792",0.016,721,,,,,,,,,,,,,,BESSIE,,,,
MCCONNELL,"39,792",0.016,722,,,,,,,,,,,,,,DELORES,,,,
HATFIELD,"39,792",0.016,723,,,,,,,,,,,,,,MELINDA,,,,
HARDING,"39,792",0.016,724,,,,,,,,,,,,,,PEARL,,,,
ASHLEY,"39,792",0.016,725,,,,,,,,,,,,,,ARLENE,,,,
SOLIS,"39,792",0.016,726,,,,,,,,,,,,,,MAUREEN,,,,
HERMAN,"39,792",0.016,727,,,,,,,,,,,,,,COLLEEN,,,,
FROST,"39,792",0.016,728,,,,,,,,,,,,,,ALLISON,,,,
GILES,"39,792",0.016,729,,,,,,,,,,,,,,TAMARA,,,,
BLACKBURN,"39,792",0.016,730,,,,,,,,,,,,,,JOY,,,,
WILLIAM,"39,792",0.016,731,,,,,,,,,,,,,,GEORGIA,,,,
PENNINGTON,"39,792",0.016,732,,,,,,,,,,,,,,CONSTANCE,,,,
WOODWARD,"39,792",0.016,733,,,,,,,,,,,,,,LILLIE,,,,
FINLEY,"39,792",0.016,734,,,,,,,,,,,,,,CLAUDIA,,,,
MCINTOSH,"39,792",0.016,735,,,,,,,,,,,,,,JACKIE,,,,
KOCH,"39,792",0.016,736,,,,,,,,,,,,,,MARCIA,,,,
BEST,"39,792",0.016,737,,,,,,,,,,,,,,TANYA,,,,
SOLOMON,"39,792",0.016,738,,,,,,,,,,,,,,NELLIE,,,,
MCCULLOUGH,"39,792",0.016,739,,,,,,,,,,,,,,MINNIE,,,,
DUDLEY,"39,792",0.016,740,,,,,,,,,,,,,,MARLENE,,,,
NOLAN,"39,792",0.016,741,,,,,,,,,,,,,,HEIDI,,,,
BLANCHARD,"39,792",0.016,742,,,,,,,,,,,,,,GLENDA,,,,
RIVAS,"39,792",0.016,743,,,,,,,,,,,,,,LYDIA,,,,
BRENNAN,"39,792",0.016,744,,,,,,,,,,,,,,VIOLA,,,,
MEJIA,"39,792",0.016,745,,,,,,,,,,,,,,COURTNEY,,,,
KANE,"39,792",0.016,746,,,,,,,,,,,,,,MARIAN,,,,
BENTON,"39,792",0.016,747,,,,,,,,,,,,,,STELLA,,,,
JOYCE,"39,792",0.016,748,,,,,,,,,,,,,,CAROLINE,,,,
BUCKLEY,"39,792",0.016,749,,,,,,,,,,,,,,DORA,,,,
HALEY,"39,792",0.016,750,,,,,,,,,,,,,,JO,,,,
VALENTINE,"39,792",0.016,751,,,,,,,,,,,,,,VICKIE,,,,
MADDOX,"39,792",0.016,752,,,,,,,,,,,,,,MATTIE,,,,
RUSSO,"39,792",0.016,753,,,,,,,,,,,,,,TERRY,,,,
MCKNIGHT,"39,792",0.016,754,,,,,,,,,,,,,,MAXINE,,,,
BUCK,"39,792",0.016,755,,,,,,,,,,,,,,IRMA,,,,
MOON,"39,792",0.016,756,,,,,,,,,,,,,,MABEL,,,,
MCMILLAN,"39,792",0.016,757,,,,,,,,,,,,,,MARSHA,,,,
CROSBY,"39,792",0.016,758,,,,,,,,,,,,,,MYRTLE,,,,
BERG,"39,792",0.016,759,,,,,,,,,,,,,,LENA,,,,
DOTSON,"39,792",0.016,760,,,,,,,,,,,,,,CHRISTY,,,,
MAYS,"39,792",0.016,761,,,,,,,,,,,,,,DEANNA,,,,
ROACH,"39,792",0.016,762,,,,,,,,,,,,,,PATSY,,,,
CHURCH,"39,792",0.016,763,,,,,,,,,,,,,,HILDA,,,,
CHAN,"39,792",0.016,764,,,,,,,,,,,,,,GWENDOLYN,,,,
RICHMOND,"39,792",0.016,765,,,,,,,,,,,,,,JENNIE,,,,
MEADOWS,"39,792",0.016,766,,,,,,,,,,,,,,NORA,,,,
FAULKNER,"39,792",0.016,767,,,,,,,,,,,,,,MARGIE,,,,
ONEILL,"39,792",0.016,768,,,,,,,,,,,,,,NINA,,,,
KNAPP,"39,792",0.016,769,,,,,,,,,,,,,,CASSANDRA,,,,
KLINE,"37,305",0.015,770,,,,,,,,,,,,,,LEAH,,,,
BARRY,"37,305",0.015,771,,,,,,,,,,,,,,PENNY,,,,
OCHOA,"37,305",0.015,772,,,,,,,,,,,,,,KAY,,,,
JACOBSON,"37,305",0.015,773,,,,,,,,,,,,,,PRISCILLA,,,,
GAY,"37,305",0.015,774,,,,,,,,,,,,,,NAOMI,,,,
AVERY,"37,305",0.015,775,,,,,,,,,,,,,,CAROLE,,,,
HENDRICKS,"37,305",0.015,776,,,,,,,,,,,,,,BRANDY,,,,
HORNE,"37,305",0.015,777,,,,,,,,,,,,,,OLGA,,,,
SHEPARD,"37,305",0.015,778,,,,,,,,,,,,,,BILLIE,,,,
HEBERT,"37,305",0.015,779,,,,,,,,,,,,,,DIANNE,,,,
CHERRY,"37,305",0.015,780,,,,,,,,,,,,,,TRACEY,,,,
CARDENAS,"37,305",0.015,781,,,,,,,,,,,,,,LEONA,,,,
MCINTYRE,"37,305",0.015,782,,,,,,,,,,,,,,JENNY,,,,
WHITNEY,"37,305",0.015,783,,,,,,,,,,,,,,FELICIA,,,,
WALLER,"37,305",0.015,784,,,,,,,,,,,,,,SONIA,,,,
HOLMAN,"37,305",0.015,785,,,,,,,,,,,,,,MIRIAM,,,,
DONALDSON,"37,305",0.015,786,,,,,,,,,,,,,,VELMA,,,,
CANTU,"37,305",0.015,787,,,,,,,,,,,,,,BECKY,,,,
TERRELL,"37,305",0.015,788,,,,,,,,,,,,,,BOBBIE,,,,
MORIN,"37,305",0.015,789,,,,,,,,,,,,,,VIOLET,,,,
GILLESPIE,"37,305",0.015,790,,,,,,,,,,,,,,KRISTINA,,,,
FUENTES,"37,305",0.015,791,,,,,,,,,,,,,,TONI,,,,
TILLMAN,"37,305",0.015,792,,,,,,,,,,,,,,MISTY,,,,
SANFORD,"37,305",0.015,793,,,,,,,,,,,,,,MAE,,,,
BENTLEY,"37,305",0.015,794,,,,,,,,,,,,,,SHELLY,,,,
PECK,"37,305",0.015,795,,,,,,,,,,,,,,DAISY,,,,
KEY,"37,305",0.015,796,,,,,,,,,,,,,,RAMONA,,,,
SALAS,"37,305",0.015,797,,,,,,,,,,,,,,SHERRI,,,,
ROLLINS,"37,305",0.015,798,,,,,,,,,,,,,,ERIKA,,,,
GAMBLE,"37,305",0.015,799,,,,,,,,,,,,,,KATRINA,,,,
DICKSON,"37,305",0.015,800,,,,,,,,,,,,,,CLAIRE,,,,
BATTLE,"37,305",0.015,801,,,,,,,,,,,,,,LINDSEY,,,,
SANTANA,"37,305",0.015,802,,,,,,,,,,,,,,LINDSAY,,,,
CABRERA,"37,305",0.015,803,,,,,,,,,,,,,,GENEVA,,,,
CERVANTES,"37,305",0.015,804,,,,,,,,,,,,,,GUADALUPE,,,,
HOWE,"37,305",0.015,805,,,,,,,,,,,,,,BELINDA,,,,
HINTON,"37,305",0.015,806,,,,,,,,,,,,,,MARGARITA,,,,
HURLEY,"37,305",0.015,807,,,,,,,,,,,,,,SHERYL,,,,
SPENCE,"37,305",0.015,808,,,,,,,,,,,,,,CORA,,,,
ZAMORA,"37,305",0.015,809,,,,,,,,,,,,,,FAYE,,,,
YANG,"37,305",0.015,810,,,,,,,,,,,,,,ADA,,,,
MCNEIL,"37,305",0.015,811,,,,,,,,,,,,,,NATASHA,,,,
SUAREZ,"37,305",0.015,812,,,,,,,,,,,,,,SABRINA,,,,
CASE,"37,305",0.015,813,,,,,,,,,,,,,,ISABEL,,,,
PETTY,"37,305",0.015,814,,,,,,,,,,,,,,MARGUERITE,,,,
GOULD,"37,305",0.015,815,,,,,,,,,,,,,,HATTIE,,,,
MCFARLAND,"37,305",0.015,816,,,,,,,,,,,,,,HARRIET,,,,
SAMPSON,"37,305",0.015,817,,,,,,,,,,,,,,MOLLY,,,,
CARVER,"37,305",0.015,818,,,,,,,,,,,,,,CECILIA,,,,
BRAY,"37,305",0.015,819,,,,,,,,,,,,,,KRISTI,,,,
ROSARIO,"37,305",0.015,820,,,,,,,,,,,,,,BRANDI,,,,
MACDONALD,"37,305",0.015,821,,,,,,,,,,,,,,BLANCHE,,,,
STOUT,"37,305",0.015,822,,,,,,,,,,,,,,SANDY,,,,
HESTER,"37,305",0.015,823,,,,,,,,,,,,,,ROSIE,,,,
MELENDEZ,"37,305",0.015,824,,,,,,,,,,,,,,JOANNA,,,,
DILLON,"37,305",0.015,825,,,,,,,,,,,,,,IRIS,,,,
FARLEY,"37,305",0.015,826,,,,,,,,,,,,,,EUNICE,,,,
HOPPER,"37,305",0.015,827,,,,,,,,,,,,,,ANGIE,,,,
GALLOWAY,"37,305",0.015,828,,,,,,,,,,,,,,INEZ,,,,
POTTS,"37,305",0.015,829,,,,,,,,,,,,,,LYNDA,,,,
BERNARD,"37,305",0.015,830,,,,,,,,,,,,,,MADELINE,,,,
JOYNER,"34,818",0.014,831,,,,,,,,,,,,,,AMELIA,,,,
STEIN,"34,818",0.014,832,,,,,,,,,,,,,,ALBERTA,,,,
AGUIRRE,"34,818",0.014,833,,,,,,,,,,,,,,GENEVIEVE,,,,
OSBORN,"34,818",0.014,834,,,,,,,,,,,,,,MONIQUE,,,,
MERCER,"34,818",0.014,835,,,,,,,,,,,,,,JODI,,,,
BENDER,"34,818",0.014,836,,,,,,,,,,,,,,JANIE,,,,
FRANCO,"34,818",0.014,837,,,,,,,,,,,,,,MAGGIE,,,,
ROWLAND,"34,818",0.014,838,,,,,,,,,,,,,,KAYLA,,,,
SYKES,"34,818",0.014,839,,,,,,,,,,,,,,SONYA,,,,
BENJAMIN,"34,818",0.014,840,,,,,,,,,,,,,,JAN,,,,
TRAVIS,"34,818",0.014,841,,,,,,,,,,,,,,LEE,,,,
PICKETT,"34,818",0.014,842,,,,,,,,,,,,,,KRISTINE,,,,
CRANE,"34,818",0.014,843,,,,,,,,,,,,,,CANDACE,,,,
SEARS,"34,818",0.014,844,,,,,,,,,,,,,,FANNIE,,,,
MAYO,"34,818",0.014,845,,,,,,,,,,,,,,MARYANN,,,,
DUNLAP,"34,818",0.014,846,,,,,,,,,,,,,,OPAL,,,,
HAYDEN,"34,818",0.014,847,,,,,,,,,,,,,,ALISON,,,,
WILDER,"34,818",0.014,848,,,,,,,,,,,,,,YVETTE,,,,
MCKAY,"34,818",0.014,849,,,,,,,,,,,,,,MELODY,,,,
COFFEY,"34,818",0.014,850,,,,,,,,,,,,,,LUZ,,,,
MCCARTY,"34,818",0.014,851,,,,,,,,,,,,,,SUSIE,,,,
EWING,"34,818",0.014,852,,,,,,,,,,,,,,OLIVIA,,,,
COOLEY,"34,818",0.014,853,,,,,,,,,,,,,,FLORA,,,,
VAUGHAN,"34,818",0.014,854,,,,,,,,,,,,,,SHELLEY,,,,
BONNER,"34,818",0.014,855,,,,,,,,,,,,,,KRISTY,,,,
COTTON,"34,818",0.014,856,,,,,,,,,,,,,,MAMIE,,,,
HOLDER,"34,818",0.014,857,,,,,,,,,,,,,,LULA,,,,
STARK,"34,818",0.014,858,,,,,,,,,,,,,,LOLA,,,,
FERRELL,"34,818",0.014,859,,,,,,,,,,,,,,VERNA,,,,
CANTRELL,"34,818",0.014,860,,,,,,,,,,,,,,BEULAH,,,,
FULTON,"34,818",0.014,861,,,,,,,,,,,,,,ANTOINETTE,,,,
LYNN,"34,818",0.014,862,,,,,,,,,,,,,,CANDICE,,,,
LOTT,"34,818",0.014,863,,,,,,,,,,,,,,JUANA,,,,
CALDERON,"34,818",0.014,864,,,,,,,,,,,,,,JEANNETTE,,,,
ROSA,"34,818",0.014,865,,,,,,,,,,,,,,PAM,,,,
POLLARD,"34,818",0.014,866,,,,,,,,,,,,,,KELLI,,,,
HOOPER,"34,818",0.014,867,,,,,,,,,,,,,,HANNAH,,,,
BURCH,"34,818",0.014,868,,,,,,,,,,,,,,WHITNEY,,,,
MULLEN,"34,818",0.014,869,,,,,,,,,,,,,,BRIDGET,,,,
FRY,"34,818",0.014,870,,,,,,,,,,,,,,KARLA,,,,
RIDDLE,"34,818",0.014,871,,,,,,,,,,,,,,CELIA,,,,
LEVY,"34,818",0.014,872,,,,,,,,,,,,,,LATOYA,,,,
DAVID,"34,818",0.014,873,,,,,,,,,,,,,,PATTY,,,,
DUKE,"34,818",0.014,874,,,,,,,,,,,,,,SHELIA,,,,
ODONNELL,"34,818",0.014,875,,,,,,,,,,,,,,GAYLE,,,,
GUY,"34,818",0.014,876,,,,,,,,,,,,,,DELLA,,,,
MICHAEL,"34,818",0.014,877,,,,,,,,,,,,,,VICKY,,,,
BRITT,"34,818",0.014,878,,,,,,,,,,,,,,LYNNE,,,,
FREDERICK,"34,818",0.014,879,,,,,,,,,,,,,,SHERI,,,,
DAUGHERTY,"34,818",0.014,880,,,,,,,,,,,,,,MARIANNE,,,,
BERGER,"34,818",0.014,881,,,,,,,,,,,,,,KARA,,,,
DILLARD,"34,818",0.014,882,,,,,,,,,,,,,,JACQUELYN,,,,
ALSTON,"34,818",0.014,883,,,,,,,,,,,,,,ERMA,,,,
JARVIS,"34,818",0.014,884,,,,,,,,,,,,,,BLANCA,,,,
FRYE,"34,818",0.014,885,,,,,,,,,,,,,,MYRA,,,,
RIGGS,"34,818",0.014,886,,,,,,,,,,,,,,LETICIA,,,,
CHANEY,"34,818",0.014,887,,,,,,,,,,,,,,PAT,,,,
ODOM,"32,331",0.013,888,,,,,,,,,,,,,,KRISTA,,,,
DUFFY,"32,331",0.013,889,,,,,,,,,,,,,,ROXANNE,,,,
FITZPATRICK,"32,331",0.013,890,,,,,,,,,,,,,,ANGELICA,,,,
VALENZUELA,"32,331",0.013,891,,,,,,,,,,,,,,JOHNNIE,,,,
MERRILL,"32,331",0.013,892,,,,,,,,,,,,,,ROBYN,,,,
MAYER,"32,331",0.013,893,,,,,,,,,,,,,,FRANCIS,,,,
ALFORD,"32,331",0.013,894,,,,,,,,,,,,,,ADRIENNE,,,,
MCPHERSON,"32,331",0.013,895,,,,,,,,,,,,,,ROSALIE,,,,
ACEVEDO,"32,331",0.013,896,,,,,,,,,,,,,,ALEXANDRA,,,,
DONOVAN,"32,331",0.013,897,,,,,,,,,,,,,,BROOKE,,,,
BARRERA,"32,331",0.013,898,,,,,,,,,,,,,,BETHANY,,,,
ALBERT,"32,331",0.013,899,,,,,,,,,,,,,,SADIE,,,,
COTE,"32,331",0.013,900,,,,,,,,,,,,,,BERNADETTE,,,,
REILLY,"32,331",0.013,901,,,,,,,,,,,,,,TRACI,,,,
COMPTON,"32,331",0.013,902,,,,,,,,,,,,,,JODY,,,,
RAYMOND,"32,331",0.013,903,,,,,,,,,,,,,,KENDRA,,,,
MOONEY,"32,331",0.013,904,,,,,,,,,,,,,,JASMINE,,,,
MCGOWAN,"32,331",0.013,905,,,,,,,,,,,,,,NICHOLE,,,,
CRAFT,"32,331",0.013,906,,,,,,,,,,,,,,RACHAEL,,,,
CLEVELAND,"32,331",0.013,907,,,,,,,,,,,,,,CHELSEA,,,,
CLEMONS,"32,331",0.013,908,,,,,,,,,,,,,,MABLE,,,,
WYNN,"32,331",0.013,909,,,,,,,,,,,,,,ERNESTINE,,,,
NIELSEN,"32,331",0.013,910,,,,,,,,,,,,,,MURIEL,,,,
BAIRD,"32,331",0.013,911,,,,,,,,,,,,,,MARCELLA,,,,
STANTON,"32,331",0.013,912,,,,,,,,,,,,,,ELENA,,,,
SNIDER,"32,331",0.013,913,,,,,,,,,,,,,,KRYSTAL,,,,
ROSALES,"32,331",0.013,914,,,,,,,,,,,,,,ANGELINA,,,,
BRIGHT,"32,331",0.013,915,,,,,,,,,,,,,,NADINE,,,,
WITT,"32,331",0.013,916,,,,,,,,,,,,,,KARI,,,,
STUART,"32,331",0.013,917,,,,,,,,,,,,,,ESTELLE,,,,
HAYS,"32,331",0.013,918,,,,,,,,,,,,,,DIANNA,,,,
HOLDEN,"32,331",0.013,919,,,,,,,,,,,,,,PAULETTE,,,,
RUTLEDGE,"32,331",0.013,920,,,,,,,,,,,,,,LORA,,,,
KINNEY,"32,331",0.013,921,,,,,,,,,,,,,,MONA,,,,
CLEMENTS,"32,331",0.013,922,,,,,,,,,,,,,,DOREEN,,,,
CASTANEDA,"32,331",0.013,923,,,,,,,,,,,,,,ROSEMARIE,,,,
SLATER,"32,331",0.013,924,,,,,,,,,,,,,,ANGEL,,,,
HAHN,"32,331",0.013,925,,,,,,,,,,,,,,DESIREE,,,,
EMERSON,"32,331",0.013,926,,,,,,,,,,,,,,ANTONIA,,,,
CONRAD,"32,331",0.013,927,,,,,,,,,,,,,,HOPE,,,,
BURKS,"32,331",0.013,928,,,,,,,,,,,,,,GINGER,,,,
DELANEY,"32,331",0.013,929,,,,,,,,,,,,,,JANIS,,,,
PATE,"32,331",0.013,930,,,,,,,,,,,,,,BETSY,,,,
LANCASTER,"32,331",0.013,931,,,,,,,,,,,,,,CHRISTIE,,,,
SWEET,"32,331",0.013,932,,,,,,,,,,,,,,FREDA,,,,
JUSTICE,"32,331",0.013,933,,,,,,,,,,,,,,MERCEDES,,,,
TYSON,"32,331",0.013,934,,,,,,,,,,,,,,MEREDITH,,,,
SHARPE,"32,331",0.013,935,,,,,,,,,,,,,,LYNETTE,,,,
WHITFIELD,"32,331",0.013,936,,,,,,,,,,,,,,TERI,,,,
TALLEY,"32,331",0.013,937,,,,,,,,,,,,,,CRISTINA,,,,
MACIAS,"32,331",0.013,938,,,,,,,,,,,,,,EULA,,,,
IRWIN,"32,331",0.013,939,,,,,,,,,,,,,,LEIGH,,,,
BURRIS,"32,331",0.013,940,,,,,,,,,,,,,,MEGHAN,,,,
RATLIFF,"32,331",0.013,941,,,,,,,,,,,,,,SOPHIA,,,,
MCCRAY,"32,331",0.013,942,,,,,,,,,,,,,,ELOISE,,,,
MADDEN,"32,331",0.013,943,,,,,,,,,,,,,,ROCHELLE,,,,
KAUFMAN,"32,331",0.013,944,,,,,,,,,,,,,,GRETCHEN,,,,
BEACH,"32,331",0.013,945,,,,,,,,,,,,,,CECELIA,,,,
GOFF,"32,331",0.013,946,,,,,,,,,,,,,,RAQUEL,,,,
CASH,"32,331",0.013,947,,,,,,,,,,,,,,HENRIETTA,,,,
BOLTON,"32,331",0.013,948,,,,,,,,,,,,,,ALYSSA,,,,
MCFADDEN,"32,331",0.013,949,,,,,,,,,,,,,,JANA,,,,
LEVINE,"32,331",0.013,950,,,,,,,,,,,,,,KELLEY,,,,
GOOD,"32,331",0.013,951,,,,,,,,,,,,,,GWEN,,,,
BYERS,"32,331",0.013,952,,,,,,,,,,,,,,KERRY,,,,
KIRKLAND,"32,331",0.013,953,,,,,,,,,,,,,,JENNA,,,,
KIDD,"32,331",0.013,954,,,,,,,,,,,,,,TRICIA,,,,
WORKMAN,"32,331",0.013,955,,,,,,,,,,,,,,LAVERNE,,,,
CARNEY,"32,331",0.013,956,,,,,,,,,,,,,,OLIVE,,,,
DALE,"32,331",0.013,957,,,,,,,,,,,,,,ALEXIS,,,,
MCLEOD,"32,331",0.013,958,,,,,,,,,,,,,,TASHA,,,,
HOLCOMB,"32,331",0.013,959,,,,,,,,,,,,,,SILVIA,,,,
ENGLAND,"32,331",0.013,960,,,,,,,,,,,,,,ELVIRA,,,,
FINCH,"32,331",0.013,961,,,,,,,,,,,,,,CASEY,,,,
HEAD,"29,844",0.012,962,,,,,,,,,,,,,,DELIA,,,,
BURT,"29,844",0.012,963,,,,,,,,,,,,,,SOPHIE,,,,
HENDRIX,"29,844",0.012,964,,,,,,,,,,,,,,KATE,,,,
SOSA,"29,844",0.012,965,,,,,,,,,,,,,,PATTI,,,,
HANEY,"29,844",0.012,966,,,,,,,,,,,,,,LORENA,,,,
FRANKS,"29,844",0.012,967,,,,,,,,,,,,,,KELLIE,,,,
SARGENT,"29,844",0.012,968,,,,,,,,,,,,,,SONJA,,,,
NIEVES,"29,844",0.012,969,,,,,,,,,,,,,,LILA,,,,
DOWNS,"29,844",0.012,970,,,,,,,,,,,,,,LANA,,,,
RASMUSSEN,"29,844",0.012,971,,,,,,,,,,,,,,DARLA,,,,
BIRD,"29,844",0.012,972,,,,,,,,,,,,,,MAY,,,,
HEWITT,"29,844",0.012,973,,,,,,,,,,,,,,MINDY,,,,
LINDSAY,"29,844",0.012,974,,,,,,,,,,,,,,ESSIE,,,,
LE,"29,844",0.012,975,,,,,,,,,,,,,,MANDY,,,,
FOREMAN,"29,844",0.012,976,,,,,,,,,,,,,,LORENE,,,,
VALENCIA,"29,844",0.012,977,,,,,,,,,,,,,,ELSA,,,,
ONEIL,"29,844",0.012,978,,,,,,,,,,,,,,JOSEFINA,,,,
DELACRUZ,"29,844",0.012,979,,,,,,,,,,,,,,JEANNIE,,,,
VINSON,"29,844",0.012,980,,,,,,,,,,,,,,MIRANDA,,,,
DEJESUS,"29,844",0.012,981,,,,,,,,,,,,,,DIXIE,,,,
HYDE,"29,844",0.012,982,,,,,,,,,,,,,,LUCIA,,,,
FORBES,"29,844",0.012,983,,,,,,,,,,,,,,MARTA,,,,
GILLIAM,"29,844",0.012,984,,,,,,,,,,,,,,FAITH,,,,
GUTHRIE,"29,844",0.012,985,,,,,,,,,,,,,,LELA,,,,
WOOTEN,"29,844",0.012,986,,,,,,,,,,,,,,JOHANNA,,,,
HUBER,"29,844",0.012,987,,,,,,,,,,,,,,SHARI,,,,
BARLOW,"29,844",0.012,988,,,,,,,,,,,,,,CAMILLE,,,,
BOYLE,"29,844",0.012,989,,,,,,,,,,,,,,TAMI,,,,
MCMAHON,"29,844",0.012,990,,,,,,,,,,,,,,SHAWNA,,,,
BUCKNER,"29,844",0.012,991,,,,,,,,,,,,,,ELISA,,,,
ROCHA,"29,844",0.012,992,,,,,,,,,,,,,,EBONY,,,,
PUCKETT,"29,844",0.012,993,,,,,,,,,,,,,,MELBA,,,,
LANGLEY,"29,844",0.012,994,,,,,,,,,,,,,,ORA,,,,
KNOWLES,"29,844",0.012,995,,,,,,,,,,,,,,NETTIE,,,,
COOKE,"29,844",0.012,996,,,,,,,,,,,,,,TABITHA,,,,
VELAZQUEZ,"29,844",0.012,997,,,,,,,,,,,,,,OLLIE,,,,
WHITLEY,"29,844",0.012,998,,,,,,,,,,,,,,JAIME,,,,
NOEL,"29,844",0.012,999,,,,,,,,,,,,,,WINIFRED,,,,
VANG,"29,844",0.012,1000,,,,,,,,,,,,,,KRISTIE,,,,
