133,984 Poland Ave,44511,YOUNGSTOWN,OH,41.09,-80.64,27862
54,1553 2nd St,99812,STATE OF ALASKA,AK,58.28,-134.4,40784
259,23867 S Whiteside Rd,67570,PRETTY PRAIRE,KS,37.78,-98.01,26718
111,737 Academy Rd,24258,HILTONS,VA,36.65,-82.46,22997
86,20 Knoll St,6878,RIVERSIDE,CT,41.03,-73.58,37660
293,6330 Dodge St,68106,OMAHA,NE,41.26,-96.01,18410
207,38 Grapevine Pl,12110,NEWTONVILLE,NY,42.74,-73.74,27508
214,600 Ave R NE,33882,WINTER HAVEN,FL,28.04,-81.72,40015
84,910 SW 3rd Ave,73448,MARIETTA,OK,33.93,-97.12,36566
380,199 Rodeo Rd,65020,GREENVIEW,MO,38,-92.74,28132
134,51 Old Richmond Rd,40729,VICTORY,KY,37.18,-84.11,39742
35,920 E 4th St,68978,SUPERIOR,NE,40.02,-98.06,28454
268,11801 Rebel Pass,37934,CONCORD FARR,TN,35.87,-84.17,34690
381,58397 Stevens St,48048,NEW HAVEN,MI,42.73,-82.79,33481
169,17363 31st Dr SE,98012,BOTHELL,WA,47.84,-122.19,31777
74,3798 Shenot Rd,15095,BULK MAIL CTR,PA,40.64,-80.09,17082
377,1399 Shelly Ln,8003,WOODCREST,NJ,39.9,-74.99,14632
64,225 Funny Farm Rd,16667,SAINT CLAIRSVILLE,PA,40.18,-78.53,14962
96,1188 S Tippecanoe Ave,92412,SAN BERNARDINO,CA,34.08,-117.26,28780
4,4858 Garland Ave,75270,DALLAS,TX,32.79,-96.76,30376
152,143 Cragford Rd,36251,ASHLAND,AL,33.27,-85.83,17336
212,42 Depot St,13649,HELENA,NY,44.92,-74.72,20283
211,2050 E Windsor Rd,13813,NINEVEH,NY,42.19,-75.6,26508
135,5162 Danielsville St,30647,ILA,GA,34.17,-83.29,11617
141,501 Saint Andrews Ln,80027,LOUISVILLE,CO,39.96,-105.14,15667
384,231 Roosevelt St,49028,BRONSON,MI,41.87,-85.19,16519
80,5080 Washington Ave,60163,MELROSE PARK,IL,41.88,-87.91,21199
313,10023 NE Beech St,97220,MAYWOOD PK,OR,45.55,-122.56,34035
392,153 Melbourne St,13850,TWIN ORCHARDS,NY,42.08,-76.05,17329
316,698 Saint Clair Ave,43228,LINCOLN VILLAGE FIN UNIT,OH,39.98,-82.98,20361
274,376 SW 1st Ct,33063,COCONUT CREEK,FL,26.23,-80.13,30874
141,1782 Morgan St,71070,SALINE,LA,32.16,-92.97,37435
329,101 Roundhouse Rd,17872,HUNTER,PA,40.78,-76.55,10963
230,3900 Crittenden St,20783,LANGLEY PARK,MD,38.95,-76.95,38902
258,1169 Bonita Ave,94040,MT VIEW,CA,37.38,-122.08,23105
8,638 W French Pl,78234,FORT SAM HOUSTON,TX,29.45,-98.5,27705
167,1129 2nd St SE,52498,CEDAR RAPIDS,IA,41.97,-91.66,14256
62,7485 Mystic Lake Rd,48632,LAKE,MI,43.85,-85,29592
11,8725 S Main St,13431,POLAND,NY,43.22,-75.06,14876
235,517 W Delaware Ave,8310,BUENA VISTA TOWNSHIP,NJ,39.52,-74.94,22246
351,1572 Al Tahoe Blvd,96158,SOUTH LAKE TAHOE,CA,38.92,-119.96,17763
372,778 SE 8th St,34478,OCALA,FL,29.18,-82.13,18294
9,198 E Avant,78017,DIVOT,TX,28.66,-99.17,25074
65,5320 Harbor Light Dr,77539,DICKINSON,TX,29.45,-95.06,23701
87,313 E Horner St,36502,MCCULLOUGH,AL,31.02,-87.49,29984
110,1457 S Chambers Rd,80015,CENTENNIAL,CO,39.69,-104.81,21379
33,274 E Washington St,65084,GLENSTED,MO,38.43,-92.84,17726
367,1298 8th Ave,98101,SEATTLE,WA,47.61,-122.33,38765
61,177 Pine View Acers,27252,GOLDSTON,NC,35.59,-79.32,30276
15,1684 Main St,38849,ALMA,MS,34.44,-88.66,25822
342,9471 Burning Oaks Ln,20635,HELEN,MD,38.41,-76.73,10933
37,623 Cinnaminson St,8076,RIVERTON,NJ,40.01,-75.01,12337
284,1940 Ut 118,56629,MANITOU,MN,48.62,-94.1,17449
112,20 Westchester Dr,11789,SCOTTS BEACH,NY,40.95,-72.96,39587
259,46 Conover Ave,7110,NUTLEY,NJ,40.81,-74.15,12070
347,1091 S Vance St,27330,BUFFALO LAKE,NC,35.47,-79.18,27989
87,638 W French Pl,78270,SAN ANTONIO,TX,29.45,-98.5,35858
156,329 Sweetcreek Dr,63021,SHERMAN,MO,38.59,-90.55,27063
279,673 2nd Ave N,37241,REGIONS BANK,TN,36.17,-86.78,29673
304,198 Niobrara Ave,68977,STAMFORD,NE,40.13,-99.59,18501
70,120 McKinley Dr,11951,VILLAGE OF MASTIC BEACH,NY,40.76,-72.84,26562
91,562 W Youmans St,31418,SAVANNAH,GA,32.08,-81.1,15287
256,1064 Shelburne Rd,5403,S BTV,VT,44.44,-73.21,25481
219,253 E Water St,41041,FLEMINGSBURG,KY,38.42,-83.73,17036
263,23 Hughes St NE,32548,OKALOOSA IS,FL,30.42,-86.61,37366
22,1711 Bluebonnet Place Cir,77061,HOUSTON,TX,29.76,-95.38,39553
32,1927 Berkshire Ln,80917,CO SPGS,CO,38.86,-104.76,16935
184,743 Myrtle Rd,8902,NORTH BRUNSWICK,NJ,40.45,-74.48,13728
80,299 E Grand Ave,45458,CENTERVILLE,OH,39.77,-84.19,38645
390,298 S Maple St,8096,DEPTFORD TOWNSHIP,NJ,39.83,-75.15,23723
83,2 Quarry Ln,4033,FREEPORT,ME,43.85,-70.1,13418
239,1776 S Monroe St,46803,FORT WAYNE,IN,41.07,-85.13,30283
301,398 Lakeside Dr,4575,W BOOTHBAY HA,ME,43.85,-69.65,35030
181,3098 Illinois Ave,76544,MONTAGUE VILLAGE,TX,31.09,-97.71,13696
282,201 Nunley Rd,24884,SQUIRE,WV,37.26,-81.56,19737
381,7744 Lake Tahoe Ave,92159,SAN DIEGO,CA,32.8,-117.03,34592
218,21899 S Western Ave,90501,TORRANCE,CA,33.83,-118.31,20758
198,889 Ward Ave,96808,HON,HI,21.3,-157.85,12161
280,550 E F St,93581,TEHACHAPI,CA,35.13,-118.44,10505
40,1446 Kosciusko Blvd,46323,HESSVILLE,IN,41.62,-87.49,16971
49,1499 Arkansas Ct,22192,PRINCE WILLIAM,VA,38.63,-77.26,36534
202,183 Allison Rd,13337,OAKSVILLE,NY,42.71,-74.98,16459
319,63 Church St,17236,MARKES,PA,39.83,-77.9,33613
326,2638 Hayes St,33025,PEMBROKE PINES,FL,26.02,-80.16,31685
244,101 Washington St,71901,FOUNTAIN LAKE,AR,34.5,-93.05,30044
88,924 Taylor Rd,17312,CRALEY,PA,39.95,-76.54,25608
197,375 E Chestnut St,27371,MORATOCK,NC,35.36,-79.89,21395
383,12978 Townwood Dr,77247,HOUSTON,TX,29.64,-95.43,20699
153,1364 S Maryland Ave,65890,SPRINGFIELD,MO,37.19,-93.28,25528
210,3144 Canyon Valley Trl,75094,ALLEN,TX,33.04,-96.74,35330
172,889 Ward Ave,96848,HONO,HI,21.3,-157.85,33222
83,1753 NW 70th Ave,33148,EASTERN AIRLINES,FL,25.79,-80.31,34972
130,468 S 1st St,72459,RAVENDEN,AR,36.23,-91.25,23224
215,2738 Saint Marys St,27675,WESTGATE,NC,35.82,-78.65,13377
27,37 Albert Ave,19018,PRIMOS,PA,39.92,-75.29,21659
277,598 Arikaree Ave,69045,WAUNETA,NE,40.41,-101.37,39786
151,741 SW Main St,71322,BUNKIE,LA,30.95,-92.18,40195
391,1298 Tanner Ave,31554,BICKLEY,GA,31.51,-82.63,19460
123,101 Kater Ave,47060,WEST HARRISON,IN,39.26,-84.82,30579
53,140 Cedar St,6147,HARTFORD,CT,41.76,-72.68,40490
149,252 E 3rd St,16693,GANISTER,PA,40.46,-78.2,36039
127,137 4th St,16933,KELLYTOWN,PA,41.8,-77.07,36951
207,257 W Asher St,22701,HAYWOOD,VA,38.47,-78,30168
239,2302 10th Ave S,55418,ST ANTHNY VLG,MN,44.96,-93.26,24404
31,300 SW 4th St,33261,NORTH MIAMI BEACH,FL,25.77,-80.2,25749
342,3101 1st Ave S,35295,ALA GAS CORP,AL,33.52,-86.79,27747
284,858 Hanover St,77957,EDNA,TX,28.97,-96.64,37738
177,510 Shelby Dry Fork,41562,SUTTON,KY,37.42,-82.49,12121
32,99 Hunter Dr,35553,DOUBLE SPRINGS,AL,34.14,-87.4,29874
233,2979 E Las Hermanas St,90221,EAST RANCHO DOMINGUEZ,CA,33.87,-118.21,39565
39,100 Sanders St,73041,GOTEBO,OK,35.07,-98.87,21473
261,1111 Throckmorton St,76199,FT WORTH,TX,32.75,-97.33,34669
139,2222 40th Pl,50062,MELCHER-DALLAS,IA,41.2,-93.27,27412
12,2874 L St,68508,LINCOLN,NE,40.81,-96.68,34664
13,1927 Berkshire Ln,80951,COLORADO SPGS,CO,38.86,-104.76,28237
290,12721 Chicago St,36530,MIFLIN,AL,30.41,-87.6,15354
52,98 Northbound Gratiot Ave,48046,MOUNT CLEMENS,MI,42.59,-82.88,13443
234,708 S Palm Ave,34243,SARASOTA,FL,27.33,-82.54,22242
240,8055 Co Rd 48,34797,HOWEY IN THE HILLS,FL,28.74,-81.82,35779
346,10097 Franktown Rd,23413,WEIRWOOD,VA,37.47,-75.86,31541
157,1 E Cherry St,11722,S HAUPPAUGE,NY,40.78,-73.19,24991
279,117 Hardy Hill Rd,15431,DUNBAR,PA,39.97,-79.61,22745
339,109 Central Ave,10580,RYE,NY,40.98,-73.69,33946
58,875 Prairie Ave SE,55321,COKATO,MN,45.07,-94.18,30145
302,275 Potter St,48861,MULLIKEN,MI,42.76,-84.89,36164
311,7266 US Hwy 27,32038,FORT WHITE,FL,29.92,-82.71,24709
342,6290 Davis Blvd,76180,FORT WORTH,TX,32.86,-97.21,30056
5,47-65 45th St,11104,LONG ISLAND CITY,NY,40.74,-73.92,17950
25,773 S 2nd St,76656,GOODVILLE,TX,31.2,-97.03,33638
66,47 Wood Park Ln,12090,WALLOOMSAC,NY,42.9,-73.35,38602
395,2 Commanche Cir,72525,HARDY,AR,36.3,-91.53,15655
372,399 Marvin Ave,65014,CLEAVESVILLE,MO,38.3,-91.63,32746
315,4601 S Thousand Oaks Dr,84124,MURRAY,UT,40.67,-111.79,35928
144,3886 Lewisberry Rd,17339,PINETOWN,PA,40.13,-76.86,19703
4,99 Covewood Cir,72212,LITTLE ROCK,AR,34.72,-92.35,10449
110,5299 Frew St,15289,PITTSBURGH,PA,40.44,-79.94,12353
195,94 Galloway Rd,10990,WARWICK,NY,41.25,-74.35,18078
328,358 Hartford Ave,50367,CITIGROUP,IA,41.57,-93.61,25858
19,1455 4th Ave,11040,NORTH HILLS,NY,40.73,-73.68,37626
100,300 Williams St,49251,LESLIE,MI,42.45,-84.43,34776
271,138 Woodhaven Dr,39365,UNION,MS,32.57,-89.11,31600
108,16 Camp Yankee Rd,6282,WOODSTOCK VALLEY,CT,41.92,-72.1,29488
320,276 Dick Rd,48834,FENWICK,MI,43.14,-85.08,17487
396,25898 Brush Creek Rd,97336,CRAWFORDSVILLE,OR,44.35,-122.85,28320
2,1825 E Heather Ave,85234,GILBERT,AZ,33.36,-111.75,19800
208,1215 S Country Club Dr,87301,MANUELITO,NM,35.52,-108.73,39329
293,521 E 12th St,88101,CANNON AFB,NM,34.41,-103.2,28309
371,9780 E Baseline Rd,85208,MESA,AZ,33.38,-111.63,26708
152,300 SW 4th St,33157,SOUTH MIAMI HEIGHTS,FL,25.77,-80.2,25724
13,898 Hampton Ct,33327,PLANTATION,FL,26.11,-80.39,36764
268,27 Nelson Ave,12866,SARATOGA SPRINGS,NY,43.06,-73.77,34774
274,901 E 4th St,73015,CARNEGIE,OK,35.1,-98.59,17817
71,276 Bacons Neck Rd,8323,GREENWICH TOWNSHIP,NJ,39.39,-75.36,27036
244,248 Fourth St,56757,STEPHEN,MN,48.45,-96.87,20821
301,62 Reed Dr,39422,BAY SPRINGS,MS,31.98,-89.28,25086
111,539 Buena Vista St,51002,HANOVER,IA,42.67,-95.3,28794
393,3882 Martin Farm Rd,30024,JOHNS CREEK,GA,34.05,-84.07,26061
250,355 Renwick Ave,13205,COLVIN,NY,43.04,-76.14,26138
377,1111 Throckmorton St,76193,FORT WORTH,TX,32.75,-97.33,34988
77,10 Garwood Rd,7452,GLEN ROCK,NJ,40.95,-74.12,12207
189,300 SW 4th St,33174,SWEETWATER,FL,25.77,-80.2,33061
116,10154 Martin Luther King Blvd,80225,LAKEWOOD,CO,39.76,-104.87,16325
97,889 Ward Ave,96844,UNIVERSITY OF HAWAII,HI,21.3,-157.85,16575
399,1711 Bluebonnet Place Cir,77030,HOUSTON,TX,29.76,-95.38,15296
72,758 W 12th St,32406,PANAMA CITY,FL,30.17,-85.67,10418
320,737 Academy Rd,24258,HILTONS,VA,36.65,-82.46,23002
141,2255 N 37th St,53237,MILWAUKEE,WI,43.06,-87.96,24629
319,3854 Rome Rd,13142,PULASKI,NY,43.56,-76.12,19464
242,98 Rutgers Slip,10055,NEW YORK,NY,40.71,-73.99,19520
223,14515 Shireen Dr,44149,CLEVELAND,OH,41.31,-81.85,26990
79,241499 Walnut St,73658,EAGLE CITY,OK,35.93,-98.7,19803
235,901 2nd St SE,57345,HOWELL,SD,44.52,-99.43,13880
340,310 Turner McCall Blvd,30161,ROME,GA,34.26,-85.18,40186
7,398 S 8th St,54405,ABBOTSFORD,WI,44.94,-90.31,21197
376,699 Bellmont St,62863,COWLING,IL,38.41,-87.77,25473
47,98 Rutgers Slip,10018,NEW YORK,NY,40.71,-73.99,32243
124,545 E Eastwood Dr,67001,ANDALE,KS,37.79,-97.62,25224
359,1023 S Kansas St,66966,SCANDIA,KS,39.79,-97.78,20987
118,312 Willow Tree Ln,35175,UNION GROVE,AL,34.4,-86.44,40354
276,305 Rockaway Ave,11580,VALLEY STREAM,NY,40.66,-73.7,19062
68,1307 15th St,25779,HUNTINGTON,WV,38.41,-82.43,39971
364,487 Hidden Ridges Way,54113,COMBINED LCKS,WI,44.26,-88.31,21582
332,502 Mc Cabes Way,47353,ROSEBURG,IN,39.63,-84.92,11074
272,5708 Hwy Y,63036,FRENCH VILLAGE,MO,37.97,-90.38,35085
364,98 Eves Dr,5148,LONDONDERRY,VT,43.22,-72.8,30813
243,499 Person St,28301,EASTOVER,NC,35.05,-78.87,34010
74,758 W 12th St,32408,PANAMA CITY BEACH,FL,30.17,-85.67,17399
30,1881 Holly View Dr,23062,GLOUCESTER POINT,VA,37.26,-76.49,35502
146,666 Greenbrier Dr,22406,FREDBG,VA,38.29,-77.48,15065
67,5504 Homestead Rd,24149,FAIRVIEW,VA,37.02,-80.43,27282
210,34 Hudson St,2217,BOSTON,MA,42.35,-71.06,31795
208,624 3rd St SE,50401,PORTLAND,IA,43.15,-93.19,11028
291,197 Coal St,18705,PLAINS,PA,41.24,-75.87,29836
162,38 Pumphouse Rd,5443,LINCOLN,VT,44.13,-73.08,23530
267,388 E South St,62075,WENONAH,IL,39.3,-89.28,10469
118,503 Carbon Glow Rd,41616,DAVID,KY,37.16,-82.95,23637
392,669 E Eagle St,14240,BUFFALO,NY,42.88,-78.85,27688
143,577 Parkhill Dr,59112,MT DAKOTA UTIL CO,MT,45.79,-108.53,39525
119,6713 Brecksville Rd,44131,VALLEY VIEW,OH,41.38,-81.64,14972
323,790 Ladner St,39475,PINE RIDGE,MS,31.14,-89.4,31330
131,50 E Railroad St,46747,SALEM CENTER,IN,41.53,-85.08,22578
263,1059 Marion St,29240,COLUMBIA,SC,34,-81.03,22575
25,299 E Grand Ave,45459,WASHINGTO TWP,OH,39.77,-84.19,33650
390,16799 187th Ave NE,98072,COTTAGE LAKE,WA,47.75,-122.09,31959
177,1994 Ayers Rd,94521,CONCORD,CA,37.97,-121.96,21497
355,791 Myers Chapel Rd,28904,HAYESVILLE,NC,35.04,-83.81,35558
181,5753 Colonial Dr,34655,SEVEN SPRINGS,FL,28.24,-82.71,27535
372,1172 10th Ave E,98102,SEATTLE,WA,47.63,-122.32,37768
326,1259 W 200 S,84015,CLINTON,UT,41.11,-112.05,38203
364,612 Orchard St,18509,SCRANTON,PA,41.4,-75.66,24468
59,234 Depot Hill Rd,13833,SANITARIA SPG,NY,42.16,-75.83,38682
375,299 E Grand Ave,45415,DAYTON,OH,39.77,-84.19,29632
77,1711 Bluebonnet Place Cir,77297,CHASE BANK OF TX,TX,29.76,-95.38,14969
312,319 E Washington St,44022,SOUTH RUSSELL,OH,41.43,-81.38,34004
276,98 Rutgers Slip,10028,MANHATTAN,NY,40.71,-73.99,11539
379,80 McLean St,48203,HIGHLAND PARK,MI,42.4,-83.09,13645
100,821 SE 13th St,56401,BRAINERD,MN,46.35,-94.19,19120
50,237 E Church St,28018,SUNSHINE,NC,35.36,-81.83,23583
145,1699 Center Ave,60411,FORD HEIGHTS,IL,41.5,-87.63,28204
138,1528 John Fitch Blvd,6088,WAREHOUSE POINT,CT,41.85,-72.6,32152
207,146 Center Hill Rd,6063,PLEASANT VALLEY,CT,41.93,-72.97,22713
315,15 Henry St,1550,SOUTHBRIDGE,MA,42.08,-72.03,13263
171,60 S Prospect St,44818,BLOOMVILLE,OH,41.05,-83.01,39119
116,429 Adams St,60150,MALTA,IL,41.93,-88.86,18672
128,474 N Market St,21701,HOOD COLLEGE,MD,39.42,-77.41,30806
141,1101 Vermont Ave,83725,BOISE STATE UNIVERSITY,ID,43.6,-116.2,24815
236,75 Orchard Dr,3049,HOLLIS,NH,42.73,-71.58,13939
326,5753 Colonial Dr,34656,NEW PT RICHEY,FL,28.24,-82.71,36432
76,77 Robanette Ct,41074,DAYTON,KY,39.11,-84.46,39077
365,23898 Head of Creek Rd,21856,WHITEHAVEN,MD,38.32,-75.79,28305
393,650 Travis St,71291,DEAN CHAPEL,LA,32.51,-92.14,12023
223,301 9th St E,58854,WATFORD CITY,ND,47.8,-103.27,40734
232,532 Circle Dr,79061,OLD MOBEETIE,TX,35.53,-100.44,23059
269,122 W 3rd South St,61377,LEEDS,IL,41.05,-89.05,20570
369,9881 Tamarack Ave,91331,LOS ANGELES,CA,34.25,-118.41,19516
364,404 State Hwy 32,6254,FRANKLIN,CT,41.61,-72.14,23220
299,37 E 17th St,8006,BARNEGAT LIGHT,NJ,39.75,-74.11,27512
116,75 Mandon Dr,7470,PACKANACK LAKE,NJ,40.94,-74.24,28099
258,6067 106th St NE,58339,HANSBORO,ND,48.95,-99.38,22911
169,101 3rd Ave,58479,LEAL,ND,47.07,-98.2,19437
198,3948 Klein Ave,44224,CUYAHOGA FALLS,OH,41.17,-81.43,35117
26,1689 N Belle St,92406,SN BERNRDNO,CA,34.13,-117.28,23535
65,700 Windsor St,19508,ROBESON,PA,40.26,-75.81,14653
110,281 S Spring Garden St,19002,PROSPECTVILLE,PA,40.15,-75.22,39609
359,1162 Forrest St,40224,LOUISVILLE,KY,38.22,-85.74,14636
333,575 S Walnut Ave,73117,OKLAHOMA CITY,OK,35.46,-97.51,28470
331,805 S Main St,48380,MILFORD,MI,42.58,-83.6,12995
100,1827 Main St,90407,SANTA MONICA,CA,34.01,-118.49,20701
40,19645 State Hwy 12F,13615,PADDY HILL,NY,44,-75.98,20422
297,779 W Vernon Ave,28504,KINSTON,NC,35.27,-77.59,35752
43,128 Pinedale Rd,32713,DEBARY,FL,28.88,-81.32,31677
114,3511 S Leavitt St,60626,CHICAGO,IL,41.83,-87.68,19393
178,870 Dows St,57030,GARRETSON,SD,43.71,-96.5,27035
89,488 Martin Blvd,48630,HOUGHTON LAKE HEIGHTS,MI,44.27,-84.76,21420
220,1650 Minnesota Ave,54492,STEVENS POINT,WI,44.52,-89.56,31566
322,12976 Co Rd 43,35176,VANDIVER,AL,33.48,-86.5,27190
318,766 Kellogg St SE,49518,KENTWOOD,MI,42.96,-85.65,13870
186,9 Park Ln Pl,11758,NORTH MASSAPEQUA,NY,40.66,-73.47,35448
113,698 Monroe Ave,82935,GREEN RIVER,WY,41.51,-109.46,38665
226,1 Casablanca Ct,12065,HALFMOON,NY,42.85,-73.8,39794
205,84 Stapleton Rd,1111,MASS MUTUAL LIFE INS CO,MA,42.11,-72.53,26791
80,1533 Trace Creek-Marion Ridge Rd,45696,WILLOW WOOD,OH,38.59,-82.45,35211
274,4897 State Hwy 401,40145,HUDSON,KY,37.65,-86.28,21293
337,747 N Park Ave,31793,TIFTON,GA,31.46,-83.51,25641
266,1834 Kennedy Dr,29020,DUSTY BEND,SC,34.26,-80.61,29601
138,109 S 12th St,19188,HOSIERY CORP OF AMERICA,PA,39.95,-75.16,30738
21,698 Saint Clair Ave,43279,COLUMBUS,OH,39.98,-82.98,38632
275,56 Cypress Ln,11967,SMITH POINT,NY,40.79,-72.87,11783
80,666 Greenbrier Dr,22407,FREDERICKSBURG,VA,38.29,-77.48,23248
294,512 E Hanna St,46725,TRI LAKES,IN,41.15,-85.48,11461
299,566 S Jefferson Ave,38506,COOKEVL,TN,36.15,-85.5,23387
112,1697 Cofrin Dr,54302,PREBLE,WI,44.52,-87.98,16607
363,312 E Wapakoneta St,45896,WAYNESFIELD,OH,40.6,-83.97,13913
291,298 Van Buren Ave,32746,HEATHROW,FL,28.75,-81.33,36170
104,84 Oak St,44076,ORWELL,OH,41.53,-80.85,22983
147,14561 Cam del Norte,92199,SAN DIEGO,CA,32.99,-117.07,10948
32,2699 Taylor Rd,92413,DEL ROSA,CA,34.14,-117.25,34601
190,2738 Saint Marys St,27634,N C DEPT REVENUE,NC,35.82,-78.65,13715
75,297 N Alabama Rd,77488,BURR,TX,29.31,-96.09,17131
258,359 Fire Island Ave,11702,BABYLON,NY,40.69,-73.32,13798
166,5468 Yolanda Ave,91357,TARZANA,CA,34.17,-118.54,30590
49,401 Truman Pkwy,2136,HYDE PARK,MA,42.26,-71.11,20890
313,780 Caswell St,2718,TAUNTON,MA,41.87,-71.01,23125
282,1672 N St,47421,BEDFORD HEIGHTS,IN,38.86,-86.49,11103
22,476 Mortimer St,28657,SPEAR,NC,36.08,-81.92,27024
75,1697 Cofrin Dr,54311,BELLEVUE,WI,44.52,-87.98,25102
53,1218 Mahoning Mountain Rd,18212,ASHFIELD,PA,40.81,-75.72,39264
22,656 E Catherine St,17201,RED BRIDGE,PA,39.93,-77.65,10640
321,3 Foothill Rd,89430,SMITH,NV,38.8,-119.32,22751
112,1807 Mill Ct,52732,CLINTON,IA,41.84,-90.23,26871
223,399 S Holloway St,47882,LAKE SULLIVAN,IN,39.09,-87.4,24441
103,118 W Brooklyn Ave,37096,FLATWOODS,TN,35.61,-87.84,39066
290,30270 Fooks Ln,21890,EASTERN CORRECTIONAL INST,MD,38.12,-75.7,38295
161,50 Linden Ln,11968,SOUTHAMPTON,NY,40.88,-72.39,28404
318,4414 Old Hamilton Mill Rd,30515,BUFORD,GA,34.11,-83.99,39669
321,532 E 9th St,57580,WEAVER,SD,43.37,-99.85,17460
101,201 SW Mission Rd,64064,LEES SUMMIT,MO,38.91,-94.38,31133
10,4617 E 106th St,90002,AUGUST F. HAW,CA,33.94,-118.24,30999
104,378 W 17th St,72198,NORTH LITTLE ROCK,AR,34.77,-92.27,37061
167,2302 10th Ave S,55411,MINNEAPOLIS,MN,44.96,-93.26,17305
8,435 Mount Pleasant Ave,7983,WHIPPANY,NJ,40.82,-74.41,33842
312,98 Rutgers Slip,10001,GREELEY SQUARE,NY,40.71,-73.99,38282
195,1923 McGee St,64188,KS CITY,MO,39.09,-94.58,36858
336,5099 Leota Ct,89150,LAS VEGAS,NV,36.12,-115.21,19754
205,699 Washington St,80743,OTIS,CO,40.14,-102.96,32112
312,1788 Wall St,90015,DOWTOWN CARRIER ANNEX,CA,34.03,-118.26,20045
357,98 Rutgers Slip,10107,MANHATTAN,NY,40.71,-73.99,21590
12,4345 N Wyss Ln,61614,PEORIA,IL,40.74,-89.6,11000
39,1198 New St,62274,PINCKNEYVILLE,IL,38.07,-89.38,23852
249,938 Washington Heights Ter NW,30388,ATL,GA,33.76,-84.42,24195
93,3101 1st Ave S,35231,BIRMINGHAM,AL,33.52,-86.79,35949
194,298 Boone St N,57256,ORTLEY,SD,45.33,-97.2,17690
30,653 Leewood Dr,72512,FRANKLIN,AR,36.22,-91.74,27190
250,30555 29th Ave S,98580,ROY,WA,46.98,-122.47,27655
90,5830 Hawkins Corners Rd,13363,STOKES,NY,43.3,-75.51,15305
71,5119 Schatulga Rd,31997,AT&T UNIVERSAL CARD SERVICE,GA,32.51,-84.87,34536
133,2501 Wharton St,15216,PGH,PA,40.43,-79.97,31314
13,3190 Independence Rd,44112,CLEVELAND,OH,41.47,-81.67,24105
245,217-1 94th Ave,11429,QUEENS VILLAGE,NY,40.72,-73.74,34310
177,53 Slate Rd,1021,CHICOPEE,MA,42.17,-72.57,21618
292,327 Hoyle Ave,36507,BROMLEY,AL,30.88,-87.77,13944
373,18731 Hwy T14,52574,GARFIELD,IA,40.77,-92.94,34054
296,211 Dickson St,46218,INDIANAPOLIS,IN,39.77,-86.14,22421
314,273 E 2nd St,8016,BURLINGTON CITY,NJ,40.07,-74.85,31088
162,540 Woodland Way,29622,ANDERSON,SC,34.51,-82.64,23170
84,698 Saint Clair Ave,43204,VALLEYVIEW,OH,39.98,-82.98,23765
91,411 Holland St,29169,WESTOVER ACRES,SC,33.99,-81.08,22024
203,8600 W Benview Dr,89164,LAS VEGAS,NV,36.12,-115.28,37726
90,4435 Delaware Rd,66732,ELSMORE,KS,37.79,-95.14,34050
114,731 S Spring Ave,63133,GREENDALE,MO,38.63,-90.24,11134
386,4616 Bluff Dr,28459,SHALLOTTE,NC,33.97,-78.38,10077
177,2255 N 37th St,53214,W MILWAUKEE,WI,43.06,-87.96,38908
177,6046 Hemlock Dr,13367,HARRISBURG,NY,43.78,-75.48,26169
343,352 Texas St,52620,BONAPARTE,IA,40.7,-91.8,11929
244,2 Red River St,78733,BEE CAVE,TX,30.26,-97.74,24983
266,28 S Stockton St,8691,TRENTON,NJ,40.22,-74.76,11868
234,529 S Liberty St,47304,MUNCIE,IN,40.19,-85.39,16191
125,33 Baxter Rd,12571,MILAN,NY,41.99,-73.87,12974
8,12990 Palisade St,96161,GLENSHIRE,CA,39.33,-120.24,35260
364,24290 Vista Ridge Dr,91385,SANTA CLARITA,CA,34.38,-118.56,24594
108,3101 1st Ave S,35285,S S PAYMENT CTR,AL,33.52,-86.79,38766
365,1898 Queens Rd,28212,CHARLOTTE,NC,35.19,-80.83,24749
293,473 E Patten St,54726,BOYD,WI,44.95,-91.04,32200
373,594 Winding Rd,11804,OLD BETHPAGE,NY,40.75,-73.45,15599
203,2425 Van Buren St,76305,DEAN,TX,33.89,-98.51,20665
97,4785 Meldrum Rd,48064,CASCO TOWNSHIP,MI,42.76,-82.67,16458
180,469 Shawneehaw Ave,28604,FOSCOE,NC,36.16,-81.87,32569
392,57 McKim Dr,41051,WHITE TOWER,KY,38.95,-84.54,12908
12,21970 Moscow Rd,95486,SHERIDAN,CA,38.47,-123.03,14176
227,570 S 10th St,17512,COLUMBIA,PA,40.03,-76.49,35856
260,14296 Tahoe View Dr,95945,UNION HILL,CA,39.18,-120.98,12564
229,186 S Church St,29391,DUNCAN,SC,34.93,-82.14,11750
263,899 Bridge St,53962,UNION CENTER,WI,43.68,-90.26,40636
144,551 E Hopkins St,61326,GRANVILLE,IL,41.26,-89.22,30543
374,11044 SE Stephens St,97216,PORTLAND,OR,45.51,-122.55,11980
90,760 S Cedar St Exd,28383,RAYNHAM,NC,34.53,-79.29,15630
297,1037 Gap Run Rd,20130,PARIS,VA,39,-77.95,14101
352,3187 E Wren Rd,62420,CASEY,IL,39.3,-87.98,16404
360,2652 la Presa Ave,91772,SO CAL EDISON CO,CA,34.06,-118.08,27540
78,166 Saint Paul St,14651,EASTMAN KODAK,NY,43.16,-77.61,14000
155,60 Salerno Rd,23801,FORT LEE,VA,37.23,-77.33,33038
196,109 S 12th St,19173,PHILA,PA,39.95,-75.16,12851
158,3128 Janice Cir,30366,ATLANTA,GA,33.88,-84.29,38473
284,300 SW 4th St,33135,MIAMI,FL,25.77,-80.2,34469
400,3321 Rita Ln,76117,FORT WORTH,TX,32.81,-97.27,16102
260,358 Hartford Ave,50304,DES MOINES,IA,41.57,-93.61,13032
115,13279 Tammy Marie Ln,45389,CHRISTIANSBG,OH,40.05,-84.02,27073
214,1162 Forrest St,40219,SOUTH PARK VIEW,KY,38.22,-85.74,22403
271,932 S Van Buren St,70434,COVINGTON,LA,30.47,-90.11,30139
379,90 Camp Rd,12815,HORICON,NY,43.71,-73.69,17303
224,200 Collins Aly,71263,OAK GROVE,LA,32.86,-91.39,26608
288,6297 S Meridian Rd,46781,PONETO,IN,40.65,-85.22,21753
308,196 Indian Kettle Rd,27947,JARVISBURG,NC,36.2,-75.86,39952
160,3364 Louberta St,71209,MONROE,LA,32.51,-92.08,31723
162,260 Deese Rd,28137,RICHFIELD,NC,35.47,-80.25,39712
400,15127 W Wilynwood Ln,99026,NINE MILE FLS,WA,47.8,-117.62,25279
370,1456 Walnut St,66508,HERKIMER,KS,39.84,-96.64,30388
371,2599 Timber Ridge Rd,24570,LOWRY,VA,37.34,-79.45,15646
325,4997 Cumberland Ave,20810,GEICO,MD,38.97,-77.1,25292
135,221 Pineview Dr,30043,LAWRENCEVILLE,GA,33.94,-83.99,23154
362,6091 Slater Dr,44142,BROOKPARK,OH,41.4,-81.82,28031
177,4858 Garland Ave,75372,DALLAS,TX,32.79,-96.76,39238
17,769 S Main St,48118,LIMA TWP,MI,42.31,-84.02,26418
210,159 Moccasin Dr,2886,WARWICK,RI,41.7,-71.42,24025
249,156 S Main St,62691,VIRGINIA,IL,39.95,-90.21,16790
213,13201 Blue Water Ct,34669,PORT RICHEY,FL,28.35,-82.69,26094
104,575 S Walnut Ave,73115,OKC,OK,35.46,-97.51,13198
144,167 W Mulberry St,62454,HARDINVILLE,IL,39,-87.74,29735
396,439 Jericho Tpke,11791,MUTTONTOWN,NY,40.81,-73.5,15973
322,10 Lewisburg Rd,7461,WALLKILL LAKE,NJ,41.2,-74.6,35661
11,2735 SW 89th Ave,97298,PORTLAND,OR,45.5,-122.77,40119
39,43 Oliver Rd,10506,BEDFORD,NY,41.19,-73.64,25989
7,1326 Butler Chapel Rd,38393,CHEWALLA,TN,35.02,-88.67,15944
154,573 Lane St,65793,WILLOW SPGS,MO,36.99,-91.96,20295
280,2 Josiah Foster Path,11942,EAST QUOGUE,NY,40.85,-72.57,23803
134,4166 W 3800 S,84120,W VALLEY CITY,UT,40.69,-111.99,12778
172,1 Mallory St,1863,N CHELMSFORD,MA,42.63,-71.39,28269
398,2513 E Marion St,98122,SEATTLE,WA,47.61,-122.3,11324
314,487 E Ebony Ln,78539,SAN CARLOS,TX,26.29,-98.16,22268
280,13542 NW 10th Ter,33182,WEST MIAMI,FL,25.78,-80.41,38722
386,15 Courthouse Sq,38549,BYRDSTOWN,TN,36.57,-85.13,31193
126,10806 la Terraza Ave,92708,FOUNTAIN VALLEY,CA,33.71,-117.94,25700
196,19110 Timothy's Manor Ct,21120,PARKTON,MD,39.65,-76.67,20524
328,2718 Summerfield Dr,95209,STKN,CA,38.04,-121.35,21497
398,341 US Hwy 64 E,27962,PLYMOUTH,NC,35.86,-76.74,16416
86,284 S Minnequa Ave,17724,WARD,PA,41.65,-76.85,20239
97,2081 W Overland Rd,83642,MERIDIAN,ID,43.59,-116.42,12990
94,256 E Beaver Tale Rd,17813,BEAVERTOWN,PA,40.75,-77.16,33633
26,36 India St,4103,PORTLAND,ME,43.66,-70.25,26388
42,1864 McKinley St,33761,CLEARWATER,FL,27.97,-82.76,20815
344,624 Union Ave,38142,MEMPHIS,TN,35.14,-90.04,26650
399,205 E State Rd 100,32187,SAN MATEO,FL,29.6,-81.58,26846
170,199 Fairview Ln,25607,AMHERSTDALE,WV,37.8,-81.75,14148
390,115 Horseshoe Dr,40977,CLEAR CREEK,KY,36.76,-83.7,20364
279,32186 Sherman Rd,92584,MENIFEE,CA,33.65,-117.18,24065
199,230 S Cedar St,68970,RED CLOUD,NE,40.08,-98.52,23955
128,812 Chopped Oak Rd,30522,CHERRY LOG,GA,34.78,-84.45,27478
91,1711 Bluebonnet Place Cir,77280,HOUSTON,TX,29.76,-95.38,40000
13,39 Belle Ave,6859,NORWALK,CT,41.09,-73.42,25373
115,398 5th Ave,57532,ORTON,SD,44.36,-100.37,12098
178,2078 S Main St,31144,N AMERICAN MEMBERSHIP GRP,GA,34.02,-84.61,29807
246,119 Magnolia St,40906,KAYJAY,KY,36.86,-83.88,27540
370,3481 Co Rd 11,58654,SENTINEL BUTTE,ND,46.91,-103.84,16043
133,670 Bryant St,18360,STROUDSBURG,PA,40.98,-75.19,14775
96,3687 Delaney St,32811,ORLANDO,FL,28.5,-81.37,39242
301,1630 Shrader St,94143,UCSF,CA,37.76,-122.45,37972
257,140 Tower Dr,45845,FT LORAMIE,OH,40.34,-84.37,39514
155,812 Chopped Oak Rd,30522,CHERRY LOG,GA,34.78,-84.45,31061
242,1111 Throckmorton St,76116,FT WORTH,TX,32.75,-97.33,34585
148,3099 Heron Ridge Dr,23454,VIRGINIA BEACH,VA,36.73,-76.04,21748
225,1160 E Oak St,62721,SPRINGFIELD,IL,39.78,-89.64,27986
140,1385 Starfield Rd,72199,CAMP ROBINSON,AR,34.78,-92.25,38462
370,3016 Fisher Rd,95547,HYDESVILLE,CA,40.56,-124.07,18179
41,152 W 3rd Ave N,55705,WHITE,MN,47.53,-92.24,18470
89,49 5th Ave S,58075,DWIGHT,ND,46.26,-96.6,19047
19,303 S Park Ave,74464,THLEQUAH,OK,35.91,-94.97,30029
51,900 Traders Ave,67047,FALL RIVER,KS,37.6,-96.02,23748
388,2587 S Business Park Rd,20602,SAINT CHARLES,MD,38.64,-76.9,16897
176,378 E 2nd St,15834,EMPORIUM,PA,41.51,-78.23,10621
362,5998 S Meadow Dr,77502,PASADENA,TX,29.66,-95.15,29979
60,66 Boston-Providence Tpke,2071,SOUTH WALPOLE,MA,42.09,-71.27,38912
121,2992 South St,33965,FT MYERS,FL,26.63,-81.85,36863
115,353 E 25th St,98417,TACOMA,WA,47.24,-122.43,33251
331,92 Grove St,1748,HOPKINTON,MA,42.22,-71.52,36725
195,101 Roundhouse Rd,17872,SHAMOKIN,PA,40.78,-76.55,16827
69,15275 Deer Isle Dr,34740,OAKLAND,FL,28.54,-81.65,30563
220,200 School St,1354,MOUNT HERMON,MA,42.7,-72.43,29409
84,320 N Post Office Rd,34739,KENANSVILLE,FL,27.88,-80.99,26449
168,398 W 3rd St,47371,BRICE,IN,40.43,-84.98,24433
102,2381 Henderer Rd,97436,ELKTON,OR,43.64,-123.61,17877
362,242 13th St NE,44706,DUEBER,OH,40.81,-81.37,19180
37,24951 Prospect Ave,92350,LOMA LINDA,CA,34.05,-117.26,22772
83,1573 Womrath Rd,29841,BELVEDERE,SC,33.51,-81.95,30058
130,2 A St,60539,BATAVIA,IL,41.82,-88.33,14366
330,63 Tofani Ln,16154,TRANSFER,PA,41.32,-80.42,31806
240,533 Dalton Rd,5904,GILMAN,VT,44.41,-71.71,25693
266,1837 S Farmstead Ave,91716,CITY INDUSTRY,CA,34,-117.97,32217
60,260 E Elm St,43160,WSHNGTN CT HS,OH,39.53,-83.43,36482
287,1898 Queens Rd,28269,CHARLOTTE,NC,35.19,-80.83,38053
64,777 College St,30153,BRASWELL,GA,34,-85.04,18402
179,4 E Grand St,13428,PALATINE BRIDGE,NY,42.91,-74.57,12392
349,480 Courtney Estates Dr,63026,MURPHY,MO,38.53,-90.45,13346
351,58 Wilson Cir,19017,CHESTER HTS,PA,39.89,-75.46,13198
30,2507 N Grant St,78585,SALINENO,TX,26.5,-99.07,17968
313,11508 Campo Rico Ln,89441,SPARKS,NV,39.68,-119.68,11516
299,1887 E Person Ave,38106,MEMPHIS,TN,35.1,-90,26305
302,86 Vail St,11768,NORTHPORT,NY,40.9,-73.34,29741
7,300 SW 4th St,33174,WEST MIAMI,FL,25.77,-80.2,34666
75,3660 Otto Rd,77383,SPRING,TX,30.06,-95.38,14011
397,358 Draper St,31088,CENTERVILLE,GA,32.61,-83.63,19595
122,11857 Martin St,60142,HUNTLEY,IL,42.16,-88.42,34200
372,3190 Independence Rd,44198,CLEVELAND,OH,41.47,-81.67,27022
325,469 Georgetown Ln,70341,BRULY SAINT MARTIN,LA,30.03,-91.04,25135
32,1 Elmsleigh Ln,48230,GROSSE POINTE PARK,MI,42.38,-82.91,36343
366,298 S Swain St,56283,REDWOOD FALLS,MN,44.54,-95.11,38468
142,473 Erie Ave,56672,THUNDER LAKE,MN,47.05,-93.91,36878
164,31 Bellington St,2475,ARLINGTON,MA,42.41,-71.18,22707
6,88 6th Ave N,58421,MELVILLE,ND,47.45,-99.12,16301
181,165 Lake Roxanne Rd,12935,ELLENBURG DEP,NY,44.9,-73.8,27126
273,98 Terrace Ln,4015,CASCO,ME,44,-70.52,34277
7,471 Temple St,25801,EAST BECKLEY,WV,37.78,-81.18,16959
224,30800 N Talian Pl,85142,CHANDLER HEIGHTS,AZ,33.16,-111.59,26884
303,673 2nd Ave N,37236,NASHVILLE,TN,36.17,-86.78,24113
18,1501 Angelina Cir,77843,TX A & M UNIVERSITY,TX,30.6,-96.31,40764
245,778 22nd Ave W,34203,BRADEN RIVER,FL,27.48,-82.57,13857
383,1620 W Bellevue Ave,90026,ECHO PARK,CA,34.07,-118.26,30641
72,107 Husted Ln,6830,BELLE HAVEN,CT,41.06,-73.63,26123
293,1655 Bennett St,77801,TABOR,TX,30.66,-96.36,18905
265,8055 Co Rd 48,34797,HOWEY IN HLS,FL,28.74,-81.82,25872
265,3623 Valley Meadow Dr,19020,EDDINGTON,PA,40.1,-74.93,23970
375,300 SW 4th St,33156,RICHMOND HEIGHTS,FL,25.77,-80.2,19297
143,10355 Southern Maryland Blvd,20754,DUNKIRK,MD,38.72,-76.66,27994
148,1927 Berkshire Ln,80928,SECURITY,CO,38.86,-104.76,21422
208,421 Vine St,72167,TRASKWOOD,AR,34.45,-92.66,39655
48,2004 Hawthorne St,43617,SYLVANIA TWP,OH,41.66,-83.58,27728
65,74 E Craig St,24430,CRAIGSVILLE,VA,38.08,-79.38,16727
15,109 S 12th St,19134,PHILADELPHIA,PA,39.95,-75.16,27663
154,2668 W Park Dr,21207,GWYNN OAK,MD,39.32,-76.72,11981
97,214 2nd Ave N,29582,CHERRY GROVE,SC,33.82,-78.67,21599
244,4220 S Bannock St,80110,GREENWOOD VILLAGE,CO,39.64,-104.99,26766
106,225 Funny Farm Rd,16667,SAINT CLAIRSVILLE,PA,40.18,-78.53,16367
263,542 Blossom Loop,72031,WALNUT GROVE,AR,35.58,-92.45,33234
326,3803 Arnold Rd,17329,BRODBECKS,PA,39.76,-76.85,10654
61,144 2nd St S,56243,GROVE CITY,MN,45.15,-94.68,14981
56,198 River Center Blvd,45258,CINCINNATI,OH,39.09,-84.51,40665
334,522 Presidential Dr,43302,MARION,OH,40.58,-83.12,25327
238,276 Osche Rd,16039,HERMAN,PA,40.83,-79.79,39330
153,799 Pine St,55587,MONTICELLO,MN,45.3,-93.8,13277
243,2500 Co Rd 3000 N,60912,BEAVERVILLE,IL,40.95,-87.65,29002
261,4858 Garland Ave,75284,DALLAS,TX,32.79,-96.76,32373
301,382 Lakeside Dr,2648,MARSTONS MLS,MA,41.67,-70.4,31983
72,663 Elk Ave,81225,CRESTED BUTTE SO,CO,38.87,-106.98,20079
291,823 Azalia St,88310,ALAMOGORDO,NM,32.88,-105.95,17484
154,61 Tower Hill Rd,3451,HINSDALE,NH,42.78,-72.48,31077
173,1154 Runyons Branch,41543,MC ANDREWS,KY,37.54,-82.28,22950
150,967 12th St,78570,MERCEDES,TX,26.14,-97.92,30468
381,1111 Throckmorton St,76150,FORT WORTH,TX,32.75,-97.33,11435
147,6700 State Hwy 210,55798,WRIGHT,MN,46.67,-93,29207
288,996 Jackson Hill Rd,13778,GENEGANTSLET,NY,42.32,-75.77,20732
357,760 S Cedar St Exd,28383,RAYNHAM,NC,34.53,-79.29,23026
319,322 Logan St,42718,FINLEY,KY,37.34,-85.34,40559
309,358 Hartford Ave,50980,DES MOINES,IA,41.57,-93.61,17842
56,7000 137th St N,55038,CENTERVILLE,MN,45.15,-92.96,29307
231,778 SE 8th St,34471,MARICAMP,FL,29.18,-82.13,11492
230,870 S 24th St,46036,LEISURE,IN,40.27,-85.83,12853
91,7710 Old Linton Hall Rd,20156,GAINESVILLE,VA,38.79,-77.61,32457
8,4345 N Wyss Ln,61613,PEORIA,IL,40.74,-89.6,40287
112,1027 6th Ave,30912,AUGUSTA,GA,33.45,-81.99,34180
384,2100 W Menefee Ave,88210,ATOKA,NM,32.84,-104.43,23193
26,669 N Broadway,90051,LOS ANGELES,CA,34.06,-118.24,39626
271,960 Madison Ave,53172,S MILWAUKEE,WI,42.91,-87.86,24912
209,927 James City Rd,22725,LEON,VA,38.45,-78.15,34765
80,1002 SE Fairway Dr,81413,GRAND MESA,CO,38.89,-107.92,13292
368,81 Mill St,57433,COLUMBIA,SD,45.61,-98.31,29077
240,28149 Par View Ct,92026,ESCONDIDO,CA,33.22,-117.1,22225
53,276 W Dewey St,67213,WICHITA,KS,37.68,-97.34,38052
22,192 Railroad St,29010,STOKES BRIDGE,SC,34.21,-80.24,16150
377,40 Elm St,4463,MILO,ME,45.25,-68.98,19875
100,1174 S Main St,62650,ARCADIA,IL,39.72,-90.23,22409
261,290 Kensington Rd,27405,MOUNT ZION,NC,36.07,-79.82,25382
355,285 Ute St,87325,TOHATCHI,NM,35.85,-108.75,28421
86,523 17th St,97477,SPFD,OR,44.05,-123,37889
367,64 Paddock Ct,7938,LIBERTY COR,NJ,40.68,-74.56,35837
338,289 Main St,58575,TURTLE LK,ND,47.52,-100.89,16649
76,299 Weber St,28585,TRENTON,NC,35.06,-77.35,33605
238,164 1st St N,32240,JAX,FL,30.29,-81.39,35775
35,2699 Taylor Rd,92413,DEL ROSA,CA,34.14,-117.25,30083
208,801 Warren St,68980,TRUMBULL,NE,40.68,-98.27,28983
59,828 W 95th St,90044,AUGUST F. HAW,CA,33.95,-118.29,30943
393,303 E Ave D,79832,ALPINE,TX,30.36,-103.66,21074
223,400 E Golfers Ln,27856,MOMEYER,NC,35.96,-77.95,33228
350,2148 E Cedar Ave,89155,CLARK CO COURTHOUSE,NV,36.17,-115.12,23200
203,632 N 1st St,64784,SHELDON,MO,37.65,-94.29,24475
9,561 Ave D,77984,GLAZE CITY,TX,29.43,-97.17,16877
97,503 Highridge Ct,82732,GILLETTE,WY,43.75,-105.49,40011
17,204 Happy Valley Rd,98382,GARDINER,WA,48.06,-123.06,26489
333,200 Russell St,47469,WEST BADEN SPRINGS,IN,38.56,-86.61,35699
363,3400 Dixie Hwy,48330,DRAYTON PLAINS,MI,42.68,-83.37,32700
184,1776 S Monroe St,46816,SOUTHTOWN MALL,IN,41.07,-85.13,23842
336,499 Koerner Dr,60481,CUSTER PARK,IL,41.29,-88.15,19779
3,752 Mill Ave SE,44663,NEW PHILA,OH,40.48,-81.44,17033
371,731 S Spring Ave,63131,TOWN AND COUNTRY,MO,38.63,-90.24,40757
357,10154 Martin Luther King Blvd,80236,FT LOGAN,CO,39.76,-104.87,26620
291,1923 McGee St,64150,KANSAS CITY,MO,39.09,-94.58,40316
7,198 E Karen Ln,70041,PILOTTOWN,LA,29.34,-89.49,24772
86,3801 Pheasant Dr,60008,ROLLING MDWS,IL,42.07,-88.02,27462
47,1898 Queens Rd,28219,CHARLOTTE,NC,35.19,-80.83,28134
108,706 S Prairie St,63825,BLOOMFIELD,MO,36.88,-89.93,24974
31,698 S Seventh St,46701,MERRIAM,IN,41.39,-85.41,28164
399,203 River Rd,17051,ATKINSONS MLS,PA,40.49,-77.74,38687
360,242 E Frazier St,88202,ROSWELL,NM,33.37,-104.52,20370
347,399 H St,92662,NEWPORT BEACH,CA,33.6,-117.89,26111
15,140 Main St,57744,HERMOSA,SD,43.84,-103.19,14333
203,7056 Efland-Cedar Grove Rd,27231,CEDAR GROVE,NC,36.2,-79.17,11506
84,6125 Belvidere Rd,61073,ROSCOE,IL,42.41,-89,24364
350,1711 Bluebonnet Place Cir,77005,WEST UNIVERSITY PLACE,TX,29.76,-95.38,34914
11,889 Ward Ave,96848,HON,HI,21.3,-157.85,26855
23,2510 Cedar Dr,54467,CODDINGTON,WI,44.46,-89.54,34768
343,79892 27th St,79464,LUBBOCK,TX,33.57,-101.87,33825
311,388 Clayton St,30530,COMMERCE,GA,34.2,-83.46,35731
280,7357 Union St,16131,HARTSTOWN,PA,41.55,-80.38,28517
274,353 Alabama St,30112,CARROLLTON,GA,33.58,-85.08,38259
101,2004 Hawthorne St,43652,TOLEDO,OH,41.66,-83.58,11207
16,2943 N Division St,52806,DAVENPORT,IA,41.55,-90.6,10681
162,2501 Wharton St,15239,PITTSBURGH,PA,40.43,-79.97,15725
115,3099 Heron Ridge Dr,23457,VIRGINIA BCH,VA,36.73,-76.04,26023
400,18727 S Central Ave,90747,LONG BEACH,CA,33.86,-118.25,14254
257,1100 S Calumet Rd,46304,BURNS HARBOR,IN,41.6,-87.05,13141
87,98 Oak Leaf Dr,76554,LTL RVR ACAD,TX,30.97,-97.37,34212
135,619 9th St,73728,LAMBERT,OK,36.75,-98.35,23647
11,50 Thaxton Ct,22463,GARRISONVILLE,VA,38.48,-77.42,22604
311,2145 State Hwy 113,72070,OAKGROVE,AR,35.03,-92.69,21304
151,1419 E 3300 S,84106,SALT LAKE CITY,UT,40.7,-111.85,15986
275,109 S 12th St,19102,PHILADELPHIA,PA,39.95,-75.16,36952
387,77 Martin Ave,11550,HEMPSTEAD,NY,40.7,-73.61,33435
327,228 Daniel Ave,34610,SPRING HILL,FL,28.55,-82.39,23701
54,5312 S 300 E,46920,CUTLER,IN,40.47,-86.47,14235
362,98 Mendel Ct,92697,UNIV OF CALIFORNIA IRVINE,CA,33.64,-117.84,15319
252,1931 Harrils Mill Ave,91913,CHULA VISTA,CA,32.64,-116.98,31726
114,1727 W Chicago Blvd,48215,GROSSE POINTE,MI,42.38,-83.1,13470
102,922 State Hwy 25 Bus,72543,EDEN ISLE,AR,35.5,-92.03,12348
128,105 Hurd Rd,4417,BURLINGTON,ME,45.2,-68.42,13817
349,265 Maple Lodge Rd,12812,BLUE MOUNTAIN LAKE,NY,43.87,-74.44,36743
227,62648 Elk Trail Way E,98022,OSCEOLA,WA,47.1,-121.6,12382
89,2074 Mango Glen,92084,VISTA,CA,33.21,-117.2,29999
341,731 Herr St,17126,HBG,PA,40.27,-76.88,30845
353,2398 W Rowland Ave,92704,DIAMOND,CA,33.71,-117.9,14410
62,461 E Hamilton St,60460,ODELL,IL,41,-88.52,17498
113,3070 King St,22311,ALEXANDRIA,VA,38.82,-77.08,24975
197,26351 Ferry Ct,91382,SANTA CLARITA,CA,34.41,-118.51,16432
319,298 Ross Graves Dr,75975,CALEDONIA,TX,31.9,-94.39,36534
256,700 Hester Rd,24330,FRIES,VA,36.71,-80.97,33704
53,850 N Front St,83124,OPAL,WY,41.77,-110.32,15460
53,107 Strawridge Rd,12589,WALLKILL,NY,41.6,-74.16,21108
9,4 St Agatha Ave,4745,UPPER FRNCHVL,ME,47.28,-68.38,26365
79,370 W 42nd St,33013,HIALEAH,FL,25.86,-80.29,21688
261,4525 26th St SW,33973,LEHIGH ACRES,FL,26.59,-81.72,15049
286,290 Kensington Rd,27415,GREENSBORO,NC,36.07,-79.82,20508
374,194 Stanton Corners Rd,12783,SWAN LAKE,NY,41.75,-74.77,39696
32,7416 Horseshoe Rd,80924,COLO SPGS,CO,38.94,-104.7,12576
301,1065 Shafter St,92166,SAN DIEGO,CA,32.72,-117.23,12066
119,452 1st Ave S,58467,CRYSTAL SPRINGS,ND,46.89,-99.3,38518
126,1446 Kosciusko Blvd,46324,SOUTH CALUMET AVENUE,IN,41.62,-87.49,12559
80,1802 Schuylerville Rd,12831,WILTON,NY,43.19,-73.64,19609
81,2408 Hazlette Fork Rd,25564,SOD,WV,38.26,-81.88,35628
341,662 4th St SE,56345,SOBIESKI,MN,45.97,-94.36,31191
239,813 S 10th St,36863,LANETT,AL,32.86,-85.2,39207
37,101 Washington St,71913,HOT SPRINGS NATIONAL PARK,AR,34.5,-93.05,21664
139,92717 Deadwood Creek Rd,97430,DEADWOOD,OR,44.16,-123.7,14831
10,731 S Spring Ave,63135,DELLWOOD,MO,38.63,-90.24,32333
67,2501 Wharton St,15203,CARSON,PA,40.43,-79.97,38133
209,3017 260th Ave,52639,MONTROSE,IA,40.52,-91.41,25295
248,7 Harbor Dr,60061,VERNON HILLS,IL,42.23,-87.96,23619
179,415 Jones St,75968,PINELAND,TX,31.24,-93.97,29674
21,222 2nd St,63344,PRAIRIEVILLE,MO,39.23,-91.01,23878
260,50 Swannanoa River Rd,28816,W ASHEVILLE,NC,35.57,-82.54,28557
378,6 Andre Ave,10983,TAPPAN,NY,41.02,-73.95,20248
370,2501 Wharton St,15279,PITTSBURGH,PA,40.43,-79.97,35226
121,683 N Spruce St,69153,OGALLALA,NE,41.13,-101.72,11253
92,521 E 12th St,88102,CLOVIS,NM,34.41,-103.2,36049
85,21 Parker St,14450,FAIRPORT,NY,43.1,-77.44,16675
62,326 6th St NE,56093,WASECA,MN,44.08,-93.5,15011
54,4108 W Airline Park Dr,70729,BUECHE,LA,30.53,-91.4,38642
67,1851 Madison St,70004,METAIRIE,LA,29.99,-90.17,17206
202,355 S Clyde Morris Blvd,32125,HOLLY HILL,FL,29.19,-81.05,21967
177,836 Alameda Dr,75766,REESE,TX,31.96,-95.26,11601
283,61 Walnut St,1815,WOBURN,MA,42.48,-71.15,13899
156,687 N Washington St,32227,MAYPORT,FL,30.33,-81.65,35439
164,81 Beach Pond Rd,6349,SUB BASE NEW LONDON,CT,41.32,-72.07,12995
85,300 SW 4th St,33180,AVENTURA,FL,25.77,-80.2,30150
129,376 SW 1st Ct,33093,MARGATE,FL,26.23,-80.13,40363
233,339 Flag St,43619,NORTHWOOD,OH,41.61,-83.48,30060
353,467 Jefferson St,43343,QUINCY,OH,40.29,-83.96,33161
221,341 Orange St,6532,NEW HAVEN,CT,41.31,-72.92,27704
32,1456 Walnut St,66508,MARYSVILLE,KS,39.84,-96.64,25141
259,74-23 64th Ln,11386,FLUSHING,NY,40.7,-73.89,26200
51,565 E State St,65025,CLARKSBURG,MO,38.66,-92.66,28098
110,2013 W Cass St,33623,TAMPA,FL,27.95,-82.48,30694
381,300 SW 4th St,33175,OLYMPIA HGTS,FL,25.77,-80.2,17226
195,5198 SE Ina Ave,97267,JENNINGS LODGE,OR,45.4,-122.61,26897
137,3848 Jean St,47920,BATTLE GROUND,IN,40.51,-86.83,21336
169,1927 Berkshire Ln,80914,CO SPGS,CO,38.86,-104.76,19679
247,109 S 12th St,19179,PHILA,PA,39.95,-75.16,39051
320,98 Pleasant St,1223,SHERWOOD FOREST,MA,42.33,-73.07,37250
294,6 Peyster St,12228,N Y DEPT OF MOTOR VEHICLES,NY,42.66,-73.79,38810
233,398 NW 4th St,70084,BELLE POINT,LA,30.07,-90.56,21968
241,176 Maple Dr,13421,ONEIDA CASTLE,NY,43.08,-75.65,40473
221,14778 Millersburg Rd,43014,DANVILLE,OH,40.44,-82.26,10907
62,383 Manchester St,3111,MANCHESTER,NH,42.99,-71.45,18279
45,2959 Louisiana Ave,89802,ELKO,NV,40.85,-115.71,28414
34,74 Arnold St,14701,WEST ELLICOTT,NY,42.09,-79.23,25968
154,79 Hillcrest Dr,13676,EBEN,NY,44.66,-74.98,25342
396,28 S Stockton St,8628,EWING TOWNSHIP,NJ,40.22,-74.76,26981
40,2338 Aster St,70612,LAKE CHARLES,LA,30.21,-93.2,27466
103,2302 10th Ave S,55421,SAINT ANTHONY,MN,44.96,-93.26,30385
115,166 Saint Paul St,14609,ROCHESTER,NY,43.16,-77.61,27737
94,48 Chenango St,13905,BROADACRES,NY,42.1,-75.91,22821
328,3691 S 3600 E,83237,FRANKLIN,ID,42.03,-111.79,29575
2,137 4th St,16933,RUTLAND,PA,41.8,-77.07,10907
76,1068 Campbell Pkwy,64801,GRAND FALLS,MO,37.08,-94.5,27985
176,159 W San Carlos St,95196,SAN JOSE WATER COMPANY,CA,37.33,-121.89,10806
354,699 Milwee St,29649,GREENWOOD,SC,34.19,-82.15,24083
372,598 Bellview Ests,24938,FRANKFORD,WV,37.91,-80.38,15574
190,16 Nokomis Ave,7436,OAKLAND,NJ,41.03,-74.24,26055
176,2131 US Hwy 9,12151,ROUND LAKE,NY,42.93,-73.79,31825
1,4076 S Oak St,48455,METAMORA,MI,42.94,-83.29,23623
258,1630 Grove Ave,23228,HENRICO,VA,37.55,-77.46,34121
265,1179 18th Ave,68939,ASH GROVE,NE,40.09,-98.95,13437
221,12304 Claude Ct,80614,EASTLAKE,CO,39.92,-104.96,13771
378,173 Earl Wayman Dr,37015,ASHLAND CITY,TN,36.27,-87.05,12549
49,205 S Main St,44312,AKRON,OH,41.08,-81.52,36150
174,499 S Broadway St,76577,SAN GABRIEL,TX,30.61,-97.2,11555
363,98 Rutgers Slip,10019,NEW YORK,NY,40.71,-73.99,12286
223,98 Rutgers Slip,10001,GREELEY SQUARE,NY,40.71,-73.99,37755
190,300 SW 4th St,33146,UNIVERSITY OF MIAMI,FL,25.77,-80.2,16932
281,1385 Starfield Rd,72117,BAUCUM,AR,34.78,-92.25,24530
387,614 Broadway,37245,TN DEPT OF EMPLOYMENT SEC,TN,36.16,-86.78,12238
110,2079 Smithdale Rd,15083,SUTERSVILLE,PA,40.23,-79.8,38681
115,143 Mechanic St,13032,SOUTH BAY,NY,43.08,-75.75,22670
97,298 Florence St SW,35640,HARTSELLE,AL,34.43,-86.93,40631
371,7519 Bradwell Ave,90660,PICO RIVERA,CA,33.98,-118.08,24127
267,162 Main St,14591,WYOMING,NY,42.82,-78.08,11494
190,97 N Water St,17870,VERDILLA,PA,40.8,-76.86,17911
293,2255 N 37th St,53267,CHASE BANK,WI,43.06,-87.96,38132
205,164 Railroad St,63764,MARBLE HILL,MO,37.3,-89.98,14342
22,1851 Madison St,70033,METAIRIE,LA,29.99,-90.17,36239
136,575 S Walnut Ave,73155,OKLAHOMA CITY,OK,35.46,-97.51,38845
378,311 S High St,65767,URBANA,MO,37.84,-93.16,13490
106,1066 South St,71454,SHELL POINT,LA,31.66,-92.88,31491
29,104 Main St,73450,MILBURN,OK,34.24,-96.55,39865
245,668 Sullivan Ln,60484,UNIVERSITY PARK,IL,41.44,-87.68,37138
177,75 E Main St,15757,MCGEES MILLS,PA,40.87,-78.72,23149
325,758 N Calhoun St,32313,FLORIDA STATE,FL,30.45,-84.28,21636
114,427 3rd St,58216,BATHGATE,ND,48.88,-97.47,34380
139,140 E 7th St,79329,IDALOU,TX,33.66,-101.68,21268
253,280 E Elm St,71857,READER,AR,33.8,-93.38,21598
330,1899 Estelle St,71019,MARTIN,LA,32.02,-93.34,13016
228,6033 Morella Ave,91606,NORTH HOLLYWOOD,CA,34.18,-118.39,15499
369,430 Evergreen Dr,53050,MAYVILLE,WI,43.49,-88.54,14088
104,1632 Martin Blvd,21220,BALTIMORE,MD,39.33,-76.43,30184
17,52 Marshall Ave,13690,STAR LAKE,NY,44.16,-75.03,20429
25,1927 Berkshire Ln,80931,SECURITY,CO,38.86,-104.76,34903
363,1851 Madison St,70010,METAIRIE,LA,29.99,-90.17,29339
16,174 Dubois St,12758,LIVINGSTON MANOR,NY,41.89,-74.82,39449
287,7122 Barranca Pkwy,92619,IRVINE,CA,33.66,-117.76,34401
13,13111 FM 2701,79529,KNOX CITY,TX,33.41,-99.81,16777
334,23 Sutton Rd,7830,TEWKSBURY TWP,NJ,40.71,-74.83,31001
97,299 Factory St SE,44681,RAGERSVILLE,OH,40.5,-81.64,39389
312,6 Peyster St,12211,SIENA,NY,42.66,-73.79,40407
169,358 E Torrance St,64468,MARYVILLE,MO,40.34,-94.87,36937
168,351 E Walnut St,18201,HAZLETON,PA,40.95,-75.97,19675
35,744 Main St,30087,STONE MTN,GA,33.8,-84.17,27760
149,201 Washington St,58765,NOONAN,ND,48.89,-103.01,10737
252,13783 US Hwy 77,73095,WAYNE,OK,34.91,-97.31,18891
40,247 N Doheny Dr,90209,BEVERLY HILLS,CA,34.07,-118.39,34699
48,194 Jeff St,72650,DONGOLA,AR,35.9,-92.63,12569
303,378 W 47th Pl,90037,GREEN,CA,34,-118.28,14000
90,2255 N 37th St,53207,BAYVIEW,WI,43.06,-87.96,20989
124,1355 Commerce St,75388,DALLAS,TX,32.78,-96.8,17839
295,66 Pleasant Ave,14075,HAMBURG,NY,42.72,-78.83,16717
353,2419 Watertank Rd,96103,GRAEAGLE,CA,39.78,-120.65,15448
209,573 McKaig Rd,45373,TROY,OH,40.04,-84.21,36518
218,199 Bear Mountain Rd,98356,LINDBERG,WA,46.57,-122.33,18657
177,184 Wayne St,40962,GRACE,KY,37.15,-83.76,22555
255,178 Kiwassa Rd,12983,HARRIETSTOWN,NY,44.32,-74.13,28878
27,648 E 1st St,62214,ADDIEVILLE,IL,38.39,-89.48,33637
265,2535 Oak Dr,77414,SARGENT,TX,28.97,-95.96,37700
195,28141 N Bay Rd,92352,LK ARROWHEAD,CA,34.27,-117.19,23429
372,299 E Mississippi Ave,42045,IUKA,KY,37,-88.23,40675
188,156 S Main St,62691,VIRGINIA,IL,39.95,-90.21,36907
96,7803 S 100 W,46931,FULTON,IN,40.94,-86.26,15116
328,3080 S Irvington Ave,74149,TULSA,OK,36.12,-95.91,34217
35,1630 Grove Ave,23232,RICHMOND,VA,37.55,-77.46,18802
209,1800 S Oak St,65560,SLIGO,MO,37.63,-91.53,19455
209,98 Rutgers Slip,10007,NEW YORK,NY,40.71,-73.99,26181
333,2298 Championship Dr,47727,EVANSVILLE,IN,38.08,-87.52,13012
53,529 S Liberty St,47304,MUNCIE,IN,40.19,-85.39,38382
181,15366 US Hwy 80,36759,MARION JCT,AL,32.44,-87.28,19085
122,83 State St,14470,HOLLEY,NY,43.22,-78.02,32291
115,1021 Audubon Ave,70826,GMF,LA,30.44,-91.12,13192
390,760 W 26th St,92424,SN BERNRDNO,CA,34.14,-117.3,20936
244,531 Glenco Dr,63301,BLACK WALNUT,MO,38.79,-90.51,37493
245,98 99th Ave SE,98004,CLYDE HILL,WA,47.61,-122.21,20452
196,1280 Sprucewood Ln,81601,GLENWOOD SPRINGS,CO,39.54,-107.33,23727
170,673 2nd Ave N,37224,NASHVL,TN,36.17,-86.78,12930
230,15930 Lexington Ave,60426,DIXMOOR,IL,41.6,-87.65,29347
105,9539 Brewerton Rd,13029,BREWERTON,NY,43.23,-76.14,37542
149,92 Bridge St,7602,HACKENSACK,NJ,40.88,-74.04,10923
125,290 Kensington Rd,27407,GREENSBORO,NC,36.07,-79.82,15355
309,505 Washington St,52142,ALBANY,IA,42.84,-91.8,14673
188,158 Strawberry St,72010,BALD KNOB,AR,35.3,-91.57,13367
196,55 Harker Ave,8091,WEST BERLIN,NJ,39.8,-74.93,22552
248,279 Cemetery Hill,5761,PAWLET,VT,43.35,-73.18,16084
229,901 Carolyn Ct,77345,KINGWOOD,TX,29.99,-95.26,20810
289,492 S Dobson St,76028,BRIAROAKS,TX,32.53,-97.32,17877
